CPU Total,CPU Package Temperature,Memory,Used Memory,Temperature,Used Space
3.52802277,40,48.9946632,1.91856384,35,92.11886
5.060095,40,48.9711838,1.9176445,35,92.11886
10.9375,40,49.1102,1.92308807,35,92.11886
5.078125,40,49.1250038,1.92366791,35,92.11886
2.34375,40,49.13767,1.92416382,35,92.11886
0.390625,40,49.1432228,1.92438126,35,92.11886
4.6875,40,49.1628036,1.925148,35,92.11886
3.515625,40,49.105423,1.92290115,35,92.11886
3.125,40,49.0764923,1.92176819,35,92.11886
1.5625,39,48.851265,1.91294861,35,92.11886
2.692306,40,48.8445435,1.91268539,35,92.11886
2.692306,39,48.8412323,1.91255569,35,92.11886
2.734375,39,48.8417168,1.91257477,35,92.11886
5.078125,40,48.825058,1.91192245,35,92.11886
3.90625,40,48.80996,1.91133118,35,92.11886
7.30769062,40,48.8466873,1.91276932,35,92.11886
3.84615064,39,48.8452263,1.9127121,35,92.11886
4.23076725,40,48.8412323,1.91255569,35,92.11886
5.46875,40,48.8348,1.91230392,35,92.11886
7.8125,40,48.48342,1.89854431,35,92.11886
8.203125,40,48.6205826,1.90391541,35,92.11886
10.9375,40,49.46879,1.93713,35,92.11886
18.75,40,49.9820747,1.95722961,35,92.11886
29.296875,43,50.9707565,1.995945,35,92.11899
16.40625,40,52.0233421,2.03716278,35,92.11899
13.28125,40,53.02293,2.07630539,35,92.11899
28.8461571,40,54.2690849,2.125103,35,92.11899
27.6923065,40,55.3138771,2.16601563,35,92.11899
44.2307663,44,56.7301178,2.22147369,35,92.11899
32.8125,41,57.06221,2.234478,35,92.11899
10.546875,42,57.10264,2.236061,35,92.11899
46.9230766,44,57.76848,2.26213455,35,92.11899
88.84615,44,60.0011673,2.3495636,35,92.11899
62.3076935,43,61.55194,2.41028976,35,92.11899
10.546875,41,61.6740036,2.41506958,35,92.11899
46.484375,43,61.5673332,2.41089249,35,92.11899
43.75,42,62.138195,2.43324661,35,92.11899
19.921875,43,62.29523,2.439396,35,92.11899
23.84615,41,62.2191467,2.43641663,35,92.11899
20.3846149,44,61.72096,2.41690826,35,92.11899
38.0769272,43,61.5492134,2.410183,35,92.11899
25.390625,41,61.8769226,2.42301559,35,92.11899
30.859375,45,53.59837,2.09883881,35,92.11899
8.076918,42,53.2897568,2.08675385,35,92.11899
5.859375,41,53.27563,2.08620071,35,92.11899
7.8125,41,53.2660828,2.08582687,35,92.11899
8.984375,41,52.91022,2.07189178,35,92.11899
8.59375,41,52.9500656,2.073452,35,92.11899
19.53125,41,52.9172363,2.07216644,35,92.11899
8.203125,41,52.99731,2.07530212,35,92.11899
10.15625,41,53.7103043,2.103222,35,92.11899
14.453125,44,53.7664146,2.10541916,35,92.11899
32.421875,41,54.1645546,2.12100983,35,92.11899
16.015625,43,54.556366,2.13635254,36,92.11933
11.328125,44,54.7155457,2.14258575,36,92.11933
17.1875,41,55.2651672,2.16410828,36,92.11933
13.28125,41,55.8324242,2.18632126,36,92.11933
8.203125,42,55.94309,2.19065475,36,92.11933
8.59375,43,56.6313362,2.21760559,36,92.11933
8.59375,41,56.6958275,2.220131,36,92.11933
18.75,41,56.47664,2.21154785,36,92.11933
20.7692318,43,56.4650459,2.211094,36,92.11933
30.46875,43,56.6872559,2.21979523,36,92.11933
16.40625,41,56.8080521,2.22452545,36,92.11933
18.359375,41,57.02714,2.23310471,36,92.11933
21.09375,44,57.46717,2.25033569,36,92.11933
34.765625,42,59.6412163,2.33546829,36,92.11933
22.65625,43,55.56307,2.17577362,36,92.11933
4.296875,41,55.3334579,2.16678238,36,92.11933
4.296875,41,55.1079369,2.15795135,36,92.11933
1.171875,41,55.08378,2.15700531,36,92.11933
5.46875,41,55.04676,2.15555573,36,92.11933
8.59375,42,55.0055542,2.153942,36,92.11933
3.90625,41,54.986557,2.15319824,36,92.11933
17.578125,43,54.7468147,2.14381027,36,92.11933
18.359375,44,55.16142,2.16004562,36,92.11933
50.390625,43,56.32282,2.20552444,36,92.11933
26.5625,42,56.5817528,2.215664,36,92.11933
18.359375,42,56.5441475,2.21419144,36,92.11933
3.90625,41,56.52291,2.21335983,36,92.11933
13.28125,44,56.9839859,2.23141479,36,92.11933
32.03125,44,56.8045425,2.22438812,36,92.11933
10.15625,42,56.4488754,2.21046066,36,92.11933
14.0625,42,56.32662,2.20567322,36,92.11947
48.4375,43,56.2331963,2.202015,36,92.11947
14.84375,42,56.40046,2.20856476,36,92.11947
5.859375,42,56.3535042,2.206726,36,92.11947
7.04985237,42,56.30285,2.20474243,36,92.11947
8.587742,42,56.4971962,2.21235275,36,92.11947
14.84375,42,56.21303,2.20122528,36,92.11947
7.03125,42,56.1011963,2.196846,36,92.11947
23.4375,44,56.25677,2.202938,36,92.11947
50,45,55.9795227,2.19208145,36,92.11947
9.375,43,55.7336426,2.18245316,36,92.11947
15.234375,42,55.3645325,2.16799927,36,92.11947
19.99008,42,55.2893257,2.16505432,36,92.11947
8.960337,44,55.5843048,2.17660522,36,92.11947
17.1875,42,55.6634064,2.17970276,36,92.11947
10.15625,41,55.6348648,2.178585,36,92.11947
6.67783,42,55.409832,2.169773,36,92.11947
10.8894234,43,55.54943,2.17523956,36,92.11947
30.46875,44,55.523613,2.17422867,36,92.11947
16.015625,42,55.3964844,2.16925049,36,92.11947
11.71875,41,55.4659424,2.17197037,36,92.11947
6.25,41,55.248703,2.16346359,36,92.11947
11.328125,41,55.23682,2.1629982,36,92.11947
2.734375,41,55.31154,2.165924,36,92.11947
4.296875,41,55.2961464,2.16532135,36,92.11947
8.203125,42,55.1638527,2.160141,36,92.11947
14.0625,44,54.5576324,2.13640213,36,92.11947
23.4375,42,48.8251572,1.91192627,36,92.11947
9.412205,41,48.88059,1.91409683,36,92.11947
6.22596169,41,48.7259865,1.90804291,36,92.11947
14.0625,41,48.6664658,1.90571213,36,92.1194839
9.375,41,48.644352,1.90484619,36,92.1194839
6.640625,41,48.6457138,1.9048996,36,92.1194839
9.375,41,48.9270554,1.91591644,36,92.1194839
17.96875,44,49.09539,1.92250824,36,92.1194839
30.859375,44,49.66216,1.94470215,36,92.1194839
11.71875,45,49.78052,1.949337,36,92.1194839
29.296875,45,49.7620125,1.94861221,36,92.1194839
25.78125,43,48.9193573,1.91561508,36,92.1194839
31.640625,44,48.80694,1.91121292,36,92.1194839
28.515625,43,48.7456665,1.90881348,36,92.1194839
28.90625,44,48.6348038,1.90447235,36,92.1194839
30.30494,45,48.98297,1.91810608,36,92.1194839
29.4152489,45,49.31867,1.93125153,36,92.1194839
24.21875,45,49.66781,1.9449234,36,92.1194839
13.671875,42,49.6582642,1.94454956,36,92.1194839
24.609375,45,49.6355667,1.94366074,36,92.1194839
28.515625,42,49.46343,1.93692017,36,92.1194839
7.03125,42,49.60371,1.94241333,36,92.1194839
16.796875,42,49.4635277,1.936924,36,92.1194839
17.578125,45,49.56523,1.94090652,36,92.1194839
19.23077,45,49.4834,1.93770218,36,92.1194839
16.015625,45,49.0098572,1.91915894,36,92.1194839
18.75,42,49.2408333,1.92820358,36,92.1194839
16.9230824,45,49.416378,1.93507767,36,92.1194839
16.53846,45,49.32169,1.93136978,36,92.1194839
17.1875,43,49.2456055,1.9283905,36,92.1194839
19.140625,43,49.22505,1.9275856,36,92.1194839
15.234375,45,49.29675,1.93039322,36,92.1194839
15.7692318,43,48.88351,1.91421127,36,92.1194839
23.8461552,45,49.1712761,1.92547989,36,92.12631
17.69231,45,49.1718636,1.92550278,36,92.12631
38.28125,43,49.02184,1.91962814,36,92.12631
33.984375,46,49.3175,1.93120575,36,92.12631
41.40625,45,49.7969856,1.94998169,36,92.12631
42.1875,44,49.99045,1.95755768,36,92.12631
33.984375,43,50.312027,1.97015,36,92.12631
44.6153831,43,50.39327,1.97333145,36,92.12631
21.1538429,46,50.6096344,1.98180389,36,92.12631
27.34375,45,50.40019,1.97360229,36,92.12631
37.109375,46,50.7818642,1.98854828,36,92.12631
43.07692,46,50.89039,1.99279785,36,92.12631
48.046875,45,51.0273552,1.99816132,36,92.12631
30.46875,46,50.7046127,1.98552322,36,92.12631
24.2307663,45,50.9397774,1.9947319,36,92.12631
26.1538448,45,50.9452324,1.99494553,36,92.12631
28.90625,46,50.840313,1.9908371,36,92.12631
13.7214775,43,50.9648132,1.99571228,36,92.12631
15.71095,44,51.1620827,2.003437,36,92.12631
58.984375,46,52.44905,2.053833,36,92.12631
29.296875,45,52.9700356,2.074234,36,92.12631
19.53125,44,53.1107025,2.07974243,36,92.12631
21.1538429,45,52.8655052,2.07014084,36,92.12631
16.5384655,45,52.6923,2.06335831,36,92.12631
25,46,53.0058823,2.07563782,36,92.12631
15.625,45,52.752697,2.06572342,36,92.12631
23.828125,43,52.85625,2.06977844,36,92.12631
21.92307,43,53.044754,2.07716,36,92.12631
15.3846149,44,52.9601,2.073845,36,92.12631
25,43,52.46376,2.054409,36,92.12631
17.96875,46,52.2530479,2.04615784,37,92.1198044
17.578125,43,52.49279,2.05554581,37,92.1198044
19.140625,44,52.4322968,2.05317688,37,92.1198044
24.609375,43,52.0719528,2.03906631,37,92.1198044
37.5,44,52.679245,2.06284714,37,92.1198044
60.546875,47,53.02157,2.076252,37,92.1198044
86.92307,47,53.3259964,2.088173,37,92.1198044
64.453125,46,53.44991,2.09302521,37,92.1198044
40.234375,45,53.49082,2.09462738,37,92.1198044
42.96875,44,53.5944748,2.09868622,37,92.1198044
8.984375,44,53.58045,2.098137,37,92.1198044
8.461541,45,53.7977829,2.10664749,37,92.1198044
0.7692337,43,53.5676842,2.09763718,37,92.1198044
8.203125,43,53.5801544,2.09812546,37,92.1198044
31.25,47,53.57041,2.097744,37,92.1198044
30.859375,43,53.55093,2.096981,37,92.1198044
11.71875,46,53.7750854,2.10575867,37,92.1198044
14.84375,45,53.9555969,2.1128273,37,92.1198044
7.421875,43,54.13504,2.119854,37,92.1198044
7.8125,43,54.1441956,2.12021255,37,92.1198044
22.3076935,45,54.4846649,2.133545,37,92.1198044
20.7692261,45,54.4707375,2.13299942,37,92.1198044
13.28125,43,54.80098,2.14593124,37,92.1198044
26.5625,47,55.30248,2.16556931,37,92.1198044
44.23077,45,55.9695854,2.19169235,37,92.1198044
55.078125,43,55.4172363,2.170063,37,92.1198044
10.15625,43,55.4371071,2.17084122,37,92.1198044
33.984375,46,56.16432,2.199318,37,92.1198044
29.296875,44,55.981472,2.19215775,37,92.1198044
9.765625,43,55.9725075,2.19180679,37,92.1198044
18.75,46,55.7806969,2.18429565,37,92.11984
19.921875,43,56.5451241,2.21422958,37,92.11984
28.90625,46,57.5076942,2.25192261,37,92.11984
17.578125,44,57.0017128,2.232109,37,92.11984
19.53125,44,56.8325,2.225483,37,92.11984
21.484375,46,57.1713181,2.23875046,37,92.11984
22.265625,45,56.9272881,2.22919464,37,92.11984
25.3846169,45,56.7722969,2.22312546,37,92.11984
16.40625,46,56.63299,2.21767044,37,92.11984
38.671875,45,57.1267967,2.23700714,37,92.11984
11.5384579,43,57.42051,2.24850845,37,92.11984
26.171875,45,57.52114,2.252449,37,92.11984
27.34375,45,57.549,2.25354,37,92.11984
29.6875,43,57.31676,2.2444458,37,92.11984
7.8125,43,57.3249435,2.24476624,37,92.11984
15.625,44,57.3060455,2.24402618,37,92.11984
16.796875,45,57.50955,2.251995,37,92.11984
55.46875,47,57.98796,2.270729,37,92.11984
48.4375,46,58.0651131,2.27375031,37,92.11984
42.96875,44,57.9172363,2.26795959,37,92.11984
59.375,45,58.0767059,2.27420425,37,92.11984
17.1875,45,58.0261459,2.27222443,37,92.11984
30.859375,47,58.1457748,2.27690887,37,92.11984
54.296875,47,58.0816727,2.2743988,37,92.11984
39.84375,44,58.0216637,2.272049,37,92.11984
20.703125,46,57.967598,2.26993179,37,92.11984
48.4375,47,57.8927841,2.267002,37,92.11984
46.484375,47,57.8517723,2.265396,37,92.11984
53.90625,48,57.83638,2.2647934,37,92.11984
28.515625,45,57.81446,2.263935,37,92.11984
17.1875,45,57.8135834,2.26390076,37,92.1199646
28.515625,47,57.8082275,2.263691,37,92.1199646
57.03125,44,57.7999458,2.2633667,37,92.1199646
44.53125,45,57.37219,2.24661636,37,92.1199646
29.296875,46,57.36225,2.24622726,37,92.1199646
14.84375,46,57.3512459,2.2457962,37,92.1199646
40.234375,47,57.3373146,2.2452507,37,92.1199646
35.384613,45,57.3377037,2.245266,37,92.1199646
12.6923084,45,57.330204,2.24497223,37,92.1199646
16.53846,45,56.9619675,2.23055267,37,92.1199646
36.328125,46,56.9549561,2.230278,37,92.1199646
40.234375,45,57.0076561,2.23234177,37,92.1199646
32.03125,44,57.014183,2.23259735,37,92.1199646
12.5,45,56.7026443,2.220398,37,92.1199646
14.0625,44,56.6327972,2.21766281,37,92.1199646
11.328125,44,56.6352348,2.21775818,37,92.1199646
23.4375,47,56.96869,2.230816,37,92.1199646
21.875,44,56.7777557,2.223339,37,92.1199646
19.140625,45,57.230545,2.24106979,37,92.1199646
12.5,44,56.7638245,2.22279358,37,92.1199646
13.28125,44,56.7702522,2.22304535,37,92.1199646
17.6923027,44,56.65384,2.21848679,37,92.1199646
17.578125,44,56.8108749,2.224636,37,92.1199646
16.9230766,44,56.79607,2.22405624,37,92.1199646
16.1538486,46,56.761776,2.22271347,37,92.1199646
10.15625,43,56.76782,2.22295,37,92.1199646
15.234375,46,56.68297,2.21962738,37,92.1199646
14.6153812,44,56.81643,2.22485352,37,92.1199646
15.7692318,44,56.74697,2.22213364,37,92.1199646
18.75,46,56.5928574,2.21609879,37,92.1199646
18.359375,45,56.73489,2.22166061,37,92.12019
13.4615364,44,56.7651863,2.222847,37,92.12019
12.3076916,46,56.59734,2.21627426,37,92.12019
14.6153812,44,56.53782,2.21394348,37,92.12019
21.875,46,57.2071648,2.24015427,37,92.12019
17.6923027,44,56.89251,2.22783279,37,92.12019
12.6923084,43,56.7757072,2.223259,37,92.12019
13.28125,46,56.9433632,2.229824,37,92.12019
15.3846149,46,56.8157463,2.22482681,37,92.12019
16.796875,43,56.8271446,2.22527313,37,92.12019
19.921875,45,56.7374229,2.2217598,37,92.12019
21.1538429,46,56.70927,2.22065735,37,92.12019
32.03125,45,56.7603149,2.22265625,37,92.12019
20.7692261,46,57.1983,2.23980713,37,92.12019
20.3125,46,56.81838,2.22492981,37,92.12019
19.921875,44,57.0738029,2.234932,37,92.12019
19.140625,45,56.9092674,2.228489,37,92.12019
30.859375,47,56.7743454,2.22320557,37,92.12019
19.921875,45,56.781456,2.223484,37,92.12019
23.046875,43,56.8004532,2.224228,37,92.12019
18.359375,45,56.65764,2.21863556,37,92.12019
27.34375,45,56.82305,2.225113,37,92.12019
18.359375,45,56.7346,2.22164917,37,92.12019
25.78125,46,56.78009,2.22343063,37,92.12019
26.171875,43,56.6099052,2.21676636,37,92.12019
10.546875,43,56.5670433,2.215088,37,92.12019
8.203125,43,56.71609,2.22092438,37,92.12019
10.546875,43,56.7757072,2.223259,37,92.12019
5.769229,43,56.75262,2.222355,37,92.12019
3.90625,43,56.4624176,2.210991,37,92.12019
3.125,42,56.44196,2.21018982,38,92.12024
6.640625,43,56.3888664,2.20811081,38,92.12024
3.46153975,43,56.3461,2.20643616,38,92.12024
9.375,46,56.2883339,2.204174,38,92.12024
11.9230747,43,56.26622,2.203308,38,92.12024
25.390625,45,56.3353844,2.20601654,38,92.12024
24.609375,46,56.1159058,2.197422,38,92.12024
21.484375,47,56.1711426,2.199585,38,92.12024
46.1538429,44,56.4825821,2.21178055,38,92.12024
18.75,45,56.4982643,2.21239471,38,92.12024
27.734375,45,56.55155,2.21448135,38,92.12024
20.3125,44,56.73255,2.221569,38,92.12024
29.296875,44,56.978138,2.231186,38,92.12024
14.6153812,43,56.19082,2.20035553,38,92.12024
27.6923065,45,56.0482979,2.19477463,38,92.12024
29.61538,45,56.3795166,2.2077446,38,92.12024
36.15384,45,56.435627,2.20994186,38,92.12024
23.4375,45,56.32438,2.20558548,38,92.12024
20.703125,47,56.4255943,2.209549,38,92.12024
22.65625,45,56.14513,2.19856644,38,92.12024
23.828125,43,56.2026062,2.200817,38,92.12024
3.125,43,56.441082,2.21015549,38,92.12024
3.125,43,56.41254,2.20903778,38,92.12024
8.984375,43,56.5986061,2.21632385,38,92.12024
19.53125,43,56.6669922,2.21900177,38,92.12024
5.46875,43,56.64205,2.21802521,38,92.12024
13.0769253,46,56.6051331,2.21657944,38,92.12024
16.53846,43,56.5601273,2.214817,38,92.12024
30.0000019,45,56.452774,2.21061325,38,92.12024
12.5,43,56.216732,2.20137024,38,92.12024
38.28125,45,56.2690468,2.20341873,38,92.12031
10.546875,44,56.0500526,2.19484329,38,92.12031
13.671875,45,55.85795,2.18732071,38,92.12031
33.07692,46,56.4371872,2.210003,38,92.12031
23.0769157,43,56.30012,2.20463562,38,92.12031
25,46,56.3526268,2.20669174,38,92.12031
21.484375,43,56.1122055,2.197277,38,92.12031
15.625,44,56.0247231,2.19385147,38,92.12031
8.984375,46,56.1237,2.1977272,38,92.12031
23.4375,43,56.1445465,2.19854355,38,92.12031
21.875,44,56.3991928,2.20851517,38,92.12031
33.8461533,47,56.69164,2.219967,38,92.12031
22.265625,44,56.4932976,2.21220016,38,92.12031
25,46,56.2584267,2.203003,38,92.12031
32.8125,45,56.2550163,2.20286942,38,92.12031
22.65625,46,56.525444,2.213459,38,92.12031
39.0625,46,56.36432,2.20714951,38,92.12031
30.078125,45,56.3215523,2.20547485,38,92.12031
16.40625,43,56.2279358,2.201809,38,92.12031
23.4375,46,56.134903,2.198166,38,92.12031
16.1538429,46,56.2482,2.20260239,38,92.12031
26.953125,46,56.15224,2.198845,38,92.12031
28.0769234,45,56.1268158,2.19784927,38,92.12031
28.125,46,56.27333,2.20358658,38,92.12031
28.8461514,47,56.477417,2.21157837,38,92.12031
23.828125,46,56.8964081,2.22798538,38,92.12031
50.78125,45,56.7442436,2.22202682,38,92.12031
22.3076935,47,56.2870674,2.20412445,38,92.12031
37.6923065,47,55.24783,2.16342926,38,92.12031
23.4615326,45,55.34125,2.16708755,38,92.12031
26.5625,46,55.18246,2.1608696,38,92.12034
12.6923084,45,55.23185,2.16280365,38,92.12034
29.296875,46,55.1012154,2.15768814,38,92.12034
26.538456,45,55.2102242,2.16195679,38,92.12034
17.3076935,46,55.157814,2.15990448,38,92.12034
21.484375,45,55.2097359,2.16193771,38,92.12034
25,45,55.06186,2.156147,38,92.12034
10.9375,45,54.9378471,2.151291,38,92.12034
13.0769253,44,54.9678535,2.15246582,38,92.12034
11.71875,44,55.0503654,2.15569687,38,92.12034
8.203125,44,55.0205536,2.15452957,38,92.12034
19.140625,45,55.0435448,2.15542984,38,92.12034
9.765625,44,54.9112549,2.15024948,38,92.12034
30.859375,46,54.9703865,2.152565,38,92.12034
10.546875,46,55.01948,2.15448761,38,92.12034
17.578125,46,54.99474,2.15351868,38,92.12034
23.4375,46,54.9877243,2.153244,38,92.12034
12.109375,43,55.0820236,2.15693665,38,92.12034
24.609375,44,55.0010719,2.15376663,38,92.12034
10.384613,43,54.9434,2.15150833,38,92.12034
19.53125,44,55.0414,2.155346,38,92.12034
14.84375,44,54.9903564,2.153347,38,92.12034
11.71875,44,55.0049667,2.15391922,38,92.12034
19.140625,46,55.01422,2.15428162,38,92.12034
25,44,55.2299042,2.16272736,38,92.12034
12.3076916,44,55.2263947,2.16259,38,92.12034
26.15385,46,55.23867,2.16307068,38,92.12034
20.7692318,43,55.264,2.1640625,38,92.12034
29.6875,47,55.28923,2.16505051,38,92.12034
23.4615383,43,55.2639,2.16405869,38,92.12034
48.4375,44,55.2564964,2.16376877,38,92.12046
19.53125,45,55.21451,2.16212463,38,92.12046
13.28125,46,55.4586372,2.17168427,38,92.12046
20.3125,46,55.1660957,2.16022873,38,92.12046
16.40625,44,55.3990173,2.16934967,38,92.12046
32.421875,45,55.50637,2.17355347,38,92.12046
9.375,43,55.4005775,2.16941071,38,92.12046
26.5625,46,55.16863,2.160328,38,92.12046
32.03125,47,55.1150475,2.15822983,38,92.12046
32.8125,45,55.1917152,2.161232,38,92.12046
15.625,46,55.26731,2.1641922,38,92.12046
24.609375,46,54.98987,2.153328,38,92.12046
25.48983,44,55.06225,2.15616226,38,92.12046
17.1394234,44,54.8265,2.14693069,38,92.12046
11.328125,44,54.56455,2.136673,38,92.12046
10.9375,44,54.3854,2.12965775,38,92.12046
12.109375,43,54.2312851,2.123623,38,92.12046
14.0625,46,54.34302,2.12799835,38,92.12046
23.4375,46,54.19076,2.122036,38,92.12046
11.71875,44,54.043663,2.11627579,38,92.12046
16.015625,46,54.2162857,2.12303543,38,92.12046
12.5,45,54.3244171,2.12726974,38,92.12046
17.578125,46,54.45749,2.13248062,38,92.12046
26.171875,46,54.3640633,2.12882233,38,92.12046
27.34375,47,54.4251442,2.13121414,38,92.12046
31.640625,46,54.4247551,2.131199,38,92.12046
16.796875,46,54.60371,2.13820648,38,92.12046
16.796875,44,52.0135,2.0367775,38,92.12046
12.109375,47,51.75457,2.026638,38,92.12046
23.828125,46,51.94005,2.03390121,38,92.12046
5.078125,43,51.4555969,2.01493073,38,92.12068
0.7692337,43,51.4488754,2.01466751,38,92.12068
1.15385056,43,51.4447861,2.01450729,38,92.12068
1.92307234,42,51.40163,2.01281738,38,92.12068
1.53846145,43,51.3984146,2.0126915,38,92.12068
0.7692337,42,51.3915939,2.01242447,38,92.12068
0.384616852,41,51.38877,2.01231384,38,92.12068
9.999996,42,51.4282227,2.0138588,38,92.12068
8.59375,42,51.3535042,2.010933,38,92.12068
6.640625,42,51.37864,2.011917,38,92.12068
13.07692,42,51.58867,2.0201416,38,92.12068
4.296875,42,51.676342,2.02357483,38,92.12068
0.7692337,43,51.6909561,2.024147,38,92.12068
0.78125,43,51.70099,2.02454,38,92.12068
1.53846741,42,51.6656265,2.02315521,38,92.12068
11.153841,42,51.82393,2.029354,38,92.12068
6.25,42,51.8996239,2.032318,38,92.12068
6.153846,42,52.97812,2.07455063,38,92.12068
4.23076725,42,53.0517654,2.07743454,38,92.12068
8.461541,42,53.9826775,2.11388779,38,92.12068
1.9230783,42,53.94683,2.112484,38,92.12068
1.15384459,41,53.94771,2.11251831,38,92.12068
1.953125,41,53.8469772,2.108574,38,92.12068
5.46875,42,53.74625,2.10462952,38,92.12068
8.984375,42,53.67192,2.101719,38,92.12068
4.6875,42,53.8483429,2.10862732,38,92.12068
3.125,41,53.8532143,2.108818,38,92.12068
2.30768919,41,53.8011932,2.106781,38,92.12068
7.8125,42,53.8032379,2.106861,38,92.12068
17.96875,42,53.96378,2.11314774,38,92.12068
6.25,42,54.0856476,2.11792,39,92.13007
11.71875,42,54.28029,2.12554169,39,92.13007
12.890625,42,54.06149,2.11697388,39,92.13007
1.171875,42,53.9422531,2.11230469,39,92.13007
3.125,41,53.7121544,2.10329437,39,92.13007
4.6153903,42,53.5443039,2.09672165,39,92.13007
19.6153812,42,53.4639359,2.09357452,39,92.13007
8.846151,42,53.5483971,2.09688187,39,92.13007
5.46875,42,53.59282,2.09862137,39,92.13007
16.9230766,42,53.7707024,2.105587,39,92.13007
13.4615364,44,53.8252525,2.10772324,39,92.13007
13.07692,44,53.8067436,2.10699844,39,92.13007
22.265625,45,54.73376,2.143299,39,92.13007
15.7692318,42,54.69937,2.14195251,39,92.13007
7.8125,45,54.62134,2.138897,39,92.13007
21.484375,43,54.81189,2.14635849,39,92.13007
23.828125,42,54.8509521,2.14788818,39,92.13007
7.8125,42,54.8558235,2.148079,39,92.13007
9.765625,44,54.9925957,2.15343475,39,92.13007
36.328125,46,55.0604,2.15608978,39,92.13007
11.71875,42,55.05543,2.15589523,39,92.13007
4.6875,42,55.1188469,2.1583786,39,92.13007
8.984375,45,55.1441765,2.15937042,39,92.13007
13.28125,42,55.161808,2.160061,39,92.13007
17.1875,46,55.2976074,2.16537857,39,92.13007
15.625,42,55.27306,2.16441727,39,92.13007
14.0625,43,55.4681854,2.172058,39,92.13007
26.171875,42,55.87597,2.18802643,39,92.13007
26.171875,46,56.2038727,2.2008667,39,92.13007
33.4615364,46,56.33344,2.20594025,39,92.13007
34.5238075,47,56.2746964,2.20364,39,92.12865
39.453125,45,56.3117142,2.20508957,39,92.12865
26.5625,46,56.5037231,2.21260834,39,92.12865
35.9375,46,56.44985,2.21049881,39,92.12865
36.328125,46,56.52145,2.21330261,39,92.12865
28.125,46,56.57503,2.2154007,39,92.12865
30.078125,48,56.6164322,2.217022,39,92.12865
43.4615326,46,56.6959229,2.22013474,39,92.12865
30.9523754,46,56.8094139,2.22457886,39,92.12865
7.03125,43,56.84575,2.22600174,39,92.12865
2.734375,43,56.86504,2.226757,39,92.12865
2.734375,43,56.6775131,2.21941376,39,92.12865
5.078125,43,56.6661148,2.21896744,39,92.12865
4.296875,43,56.6347466,2.217739,39,92.12865
4.6875,43,56.63494,2.21774673,39,92.12865
4.6875,43,56.62588,2.217392,39,92.12865
1.96552277,43,56.62257,2.21726227,39,92.12865
6.640625,43,56.6051331,2.21657944,39,92.12865
4.26682854,43,56.5670433,2.215088,39,92.12865
9.375,43,56.53022,2.213646,39,92.12865
4.6875,44,56.5092735,2.21282578,39,92.12865
11.71875,43,56.7270966,2.22135544,39,92.12865
2.34375,43,55.5941429,2.17699051,39,92.12865
16.40625,46,55.90802,2.18928146,39,92.12865
13.28125,43,55.9581871,2.191246,39,92.12865
1.171875,43,55.93033,2.190155,39,92.12865
3.515625,42,55.9148369,2.18954849,39,92.12865
1.953125,42,55.92955,2.19012451,39,92.12865
4.6875,43,55.94046,2.19055176,39,92.12865
9.375,42,56.1411362,2.19841,39,92.12865
16.015625,42,55.9873161,2.19238663,39,92.13091
4.693699,43,55.92419,2.1899147,39,92.13091
5.859375,42,56.093792,2.196556,39,92.13091
8.203125,42,56.2343636,2.2020607,39,92.13091
2.734375,42,56.250145,2.20267868,39,92.13091
9.765625,42,56.2770348,2.20373154,39,92.13091
8.203125,43,56.0398254,2.19444275,39,92.13091
19.53125,46,56.16101,2.19918823,39,92.13091
23.828125,45,56.168705,2.19948959,39,92.13091
26.5625,45,56.34279,2.20630646,39,92.13091
27.734375,45,56.35253,2.206688,39,92.13091
28.515625,44,56.56149,2.21487045,39,92.13091
27.734375,45,56.6780968,2.21943665,39,92.13091
29.296875,45,56.9315758,2.22936249,39,92.13091
26.5625,45,57.2129135,2.24037933,39,92.13091
32.421875,45,57.2581139,2.24214935,39,92.13091
26.5625,45,57.4583054,2.24998856,39,92.13091
27.734375,46,57.65499,2.25769043,39,92.13091
27.34375,46,57.85674,2.26559067,39,92.13091
27.734375,45,58.0580025,2.27347183,39,92.13091
27.34375,45,58.10817,2.2754364,39,92.13091
15.625,44,56.1227264,2.197689,39,92.13091
8.984375,45,56.12662,2.19784164,39,92.13091
21.09375,43,56.2166367,2.20136642,39,92.13091
9.765625,43,56.3396721,2.20618439,39,92.13091
6.25,43,56.3626633,2.20708466,39,92.13091
8.59375,43,55.8731461,2.1879158,39,92.13091
11.328125,43,55.829113,2.18619156,39,92.13091
12.890625,43,55.7815742,2.18433,39,92.13091
6.640625,43,55.7958946,2.18489075,39,92.13091
7.8125,43,55.7977448,2.18496323,39,92.129
7.03125,43,55.8056335,2.18527222,39,92.129
3.125,42,55.7994957,2.185032,39,92.129
2.34375,42,55.801445,2.18510818,39,92.129
2.734375,42,55.7981339,2.18497849,39,92.129
4.6875,42,55.59921,2.17718887,39,92.129
1.5625,42,55.595314,2.17703629,39,92.129
5.46875,42,55.58937,2.17680359,39,92.129
4.6875,42,55.5681343,2.175972,39,92.129
10.9375,42,55.5694,2.17602158,39,92.129
7.421875,42,55.5725174,2.17614365,39,92.129
8.984375,43,55.5694,2.17602158,39,92.129
30.859375,43,55.7180557,2.1818428,39,92.129
17.96875,45,55.83379,2.18637466,39,92.129
11.328125,43,55.81596,2.18567657,39,92.129
16.40625,43,56.1950073,2.20051956,39,92.129
4.6875,42,56.1732826,2.199669,39,92.129
5.505955,42,56.15244,2.19885254,39,92.129
2.71033645,42,56.13656,2.19823074,39,92.129
2.34375,42,56.13617,2.19821548,39,92.129
1.953125,42,55.9251633,2.18995285,39,92.129
2.734375,42,55.8942833,2.18874359,39,92.129
2.34375,41,55.89136,2.18862915,39,92.129
1.953125,41,55.8871727,2.188465,39,92.129
2.34375,42,55.88415,2.18834686,39,92.129
2.34375,43,55.8780136,2.18810654,39,92.129
3.125,42,55.87977,2.1881752,39,92.129
1.171875,41,55.8526878,2.18711472,39,92.129
2.33774185,41,55.8477173,2.18692017,39,92.129
1.171875,41,55.8452835,2.1868248,39,92.129
1.171875,41,55.8452835,2.1868248,39,92.12885
2.34375,42,55.79258,2.184761,39,92.12885
5.078125,43,55.8032,2.18517685,39,92.12885
1.953125,42,55.8032,2.18517685,39,92.12885
2.734375,42,55.8011551,2.18509674,39,92.12885
2.34375,42,55.8015442,2.185112,39,92.12885
6.25,42,55.7900467,2.18466187,39,92.12885
5.859375,42,55.81791,2.18575287,39,92.12885
1.953125,42,55.8003731,2.18506622,39,92.12885
5.46875,43,55.39259,2.169098,39,92.12885
4.6875,40,52.9684753,2.074173,39,92.12885
1.171875,41,52.95396,2.07360458,39,92.12885
5.078125,41,52.9495773,2.073433,39,92.12885
5.859375,42,52.9073944,2.07178116,39,92.12885
2.734375,41,52.8913231,2.07115173,39,92.12885
5.078125,41,52.8883,2.07103348,39,92.12885
5.078125,41,50.7248764,1.98631668,39,92.12885
8.203125,43,50.63077,1.98263168,39,92.12885
16.40625,41,50.50491,1.97770309,39,92.12885
3.125,41,50.50121,1.97755814,39,92.12885
8.984375,41,50.5004272,1.97752762,39,92.12885
3.515625,40,50.4989662,1.9774704,39,92.12885
4.296875,40,50.4956551,1.9773407,39,92.12885
3.87619734,40,50.49692,1.97739029,39,92.12885
3.88221145,40,50.49624,1.97736359,39,92.12885
3.8461566,40,50.4961433,1.97735977,39,92.12885
3.125,40,50.4888344,1.97707367,39,92.12885
1.15385056,40,50.4475327,1.97545624,39,92.12885
4.296875,40,50.4448051,1.97534943,39,92.12885
1.171875,40,50.4423676,1.975254,39,92.12885
1.53846145,40,50.3508949,1.971672,39,92.13026
1.171875,40,50.34622,1.971489,39,92.13026
1.15385056,40,50.33979,1.97123718,39,92.13026
0.7692337,39,50.3351135,1.97105408,39,92.13026
3.076923,39,50.3137779,1.97021866,39,92.13026
0.78125,40,50.31183,1.97014236,39,92.13026
5.46875,40,50.3053,1.96988678,39,92.13026
1.9230783,40,50.29712,1.96956635,39,92.13026
1.5625,39,50.2942963,1.96945572,39,92.13026
1.171875,39,50.2920532,1.969368,39,92.13026
1.19707584,39,50.28777,1.96920013,39,92.13026
0.757575035,39,50.2841644,1.969059,39,92.13026
1.171875,40,50.2841644,1.969059,39,92.13026
0.793647766,39,50.2814369,1.96895218,39,92.13026
3.467548,39,50.2776375,1.96880341,39,92.13026
1.953125,40,50.27345,1.96863937,39,92.13026
1.171875,39,50.2705269,1.96852493,39,92.13026
0.793647766,39,50.26575,1.968338,39,92.13026
1.953125,39,50.2593231,1.96808624,39,92.13026
1.171875,39,50.25913,1.96807861,39,92.13026
1.95932388,39,50.25562,1.96794128,39,92.13026
1.9411087,39,50.2536736,1.967865,39,92.13026
4.296875,39,50.2484131,1.967659,39,92.13026
2.35614777,39,50.2110023,1.96619415,39,92.13026
1.15385056,38,50.19542,1.9655838,39,92.13026
1.171875,39,50.1918144,1.96544266,39,92.13026
1.5625,40,50.18587,1.96521,39,92.13026
1.171875,39,50.1864548,1.96523285,39,92.13026
1.171875,39,50.1856766,1.96520233,39,92.13026
1.953125,39,50.18392,1.96513367,39,92.13026
3.90625,39,50.1826553,1.96508408,39,92.13026
1.5625,39,50.180027,1.96498108,39,92.13026
1.171875,39,50.17954,1.964962,39,92.13026
1.5625,38,50.1751556,1.96479034,39,92.13026
1.5625,38,50.17496,1.96478271,39,92.13026
1.5625,39,50.1717453,1.96465683,39,92.13026
1.5625,39,50.1702843,1.96459961,39,92.13026
0.78125,39,50.16668,1.96445847,39,92.13026
3.076923,40,50.1659,1.964428,39,92.13026
2.30768919,39,50.1631737,1.96432114,39,92.13026
0.7692337,38,50.1622963,1.9642868,39,92.13026
1.16586685,39,50.1593742,1.96417236,39,92.13026
1.14802122,39,50.1599579,1.96419525,39,92.13026
0.7692337,38,50.158886,1.96415329,39,92.13026
1.18447542,39,50.15713,1.96408463,39,92.13026
1.52115226,38,50.1525536,1.96390533,39,92.13026
1.92307234,40,50.1484642,1.96374512,39,92.13026
2.349949,39,50.14778,1.96371841,39,92.13026
0.775241852,38,50.1434,1.96354675,39,92.13026
3.05395722,38,49.93181,1.95526123,39,92.13026
0.7692337,38,49.93278,1.95529938,39,92.13026
1.171875,38,49.9307365,1.95521927,39,92.13026
1.53846145,39,49.92606,1.95503616,39,92.13026
1.171875,38,49.9282036,1.95512009,39,92.13026
1.171875,39,49.92752,1.95509338,39,92.13026
3.125,39,49.9270363,1.95507431,39,92.13026
1.16586685,38,49.92421,1.95496368,39,92.13026
1.1598587,39,49.926548,1.95505524,39,92.13026
0.78125,38,49.9245033,1.95497513,39,92.13026
1.15385056,38,49.92421,1.95496368,39,92.13026
1.15385056,38,49.9209938,1.9548378,39,92.13202
1.171875,39,49.92372,1.95494461,39,92.13202
1.57510042,39,49.9231377,1.95492172,39,92.13202
4.62831259,39,49.9144669,1.95458221,39,92.13202
2.35634446,39,49.90901,1.95436859,39,92.13202
1.5504837,38,49.9115448,1.95446777,39,92.13202
1.5625,39,49.91135,1.95446014,39,92.13202
1.15385056,38,49.9082336,1.95433807,39,92.13202
1.171875,38,49.90726,1.95429993,39,92.13202
1.5625,39,49.9097939,1.95439911,39,92.13202
1.1598587,38,49.9087219,1.95435715,39,92.13202
20.4179039,42,50.18246,1.96507645,39,92.13202
3.515625,39,50.1788559,1.9649353,39,92.13202
3.49158645,39,50.1664848,1.96445084,39,92.13202
3.14980149,39,50.1627846,1.96430588,39,92.13202
6.592548,40,50.160347,1.96421051,39,92.13202
21.09375,39,50.1709671,1.96462631,39,92.13202
3.125,39,50.16824,1.9645195,39,92.13202
9.430801,40,50.1653175,1.96440506,39,92.13202
5.072117,39,50.16473,1.96438217,39,92.13202
3.125,39,50.16619,1.96443939,39,92.13202
6.53846264,39,50.18324,1.965107,39,92.13202
1.18427277,39,50.1759338,1.96482086,39,92.13202
1.953125,39,50.1754456,1.96480179,39,92.13202
3.10696959,39,50.177494,1.9648819,39,92.13202
1.953125,39,50.1718445,1.96466064,39,92.13202
1.53846741,39,50.1695061,1.96456909,39,92.13202
4.2367754,39,50.171257,1.96463776,39,92.13202
2.72836685,39,50.1696,1.96457291,39,92.13202
3.90625,40,50.16668,1.96445847,39,92.13202
3.90625,39,50.16444,1.96437073,39,92.13082
4.6875,39,50.16863,1.96453476,39,92.13082
3.90625,39,50.1664848,1.96445084,39,92.13082
3.515625,40,50.1613235,1.96424866,39,92.13082
2.734375,39,50.1585922,1.96414185,39,92.13082
9.375,41,50.161808,1.96426773,39,92.13082
5.078125,39,50.13775,1.9633255,39,92.13082
14.453125,39,50.1050148,1.96204376,39,92.13082
5.46875,39,50.1121254,1.96232224,39,92.13082
5.000001,39,50.1130028,1.96235657,39,92.13082
21.484375,42,50.3053,1.96988678,39,92.13082
23.4375,39,50.5744667,1.98042679,39,92.13082
4.615384,39,50.5798225,1.9806366,39,92.13082
6.538457,40,50.5705681,1.9802742,39,92.13082
6.92307949,39,50.5400772,1.9790802,39,92.13082
11.9230747,42,50.5414429,1.97913361,39,92.13082
12.3015881,39,50.4749069,1.97652817,39,92.13082
4.6875,39,50.45201,1.97563171,39,92.13082
7.421875,39,50.4470444,1.97543716,39,92.13082
2.734375,39,50.4451942,1.97536469,39,92.13082
2.36854553,39,50.4480171,1.97547531,39,92.13082
4.26082039,39,50.4455833,1.97538,39,92.13082
1.953125,39,50.4006729,1.97362137,39,92.13082
2.349949,39,50.3135834,1.970211,39,92.13082
1.953125,39,50.312027,1.97015,39,92.13082
1.953125,39,50.2811432,1.96894073,39,92.13082
2.35614777,39,50.2780266,1.96881866,39,92.13082
1.5625,39,50.2799759,1.968895,39,92.13082
1.5625,39,50.27793,1.96881485,39,92.13082
4.296875,39,50.25864,1.96805954,39,92.13082
8.59375,39,50.2256165,1.96676636,39,92.13085
2.734375,39,50.2728653,1.96861649,39,92.13085
1.57489777,39,50.29975,1.96966934,39,92.13085
3.49158645,39,50.3425179,1.971344,39,92.13085
12.109375,39,50.6575623,1.98368073,39,92.13085
19.2460289,42,50.71845,1.98606491,39,92.13085
35.8173065,40,51.0578461,1.99935532,39,92.13085
9.765625,41,51.0100136,1.9974823,39,92.13085
22.65625,39,51.02755,1.998169,39,92.13085
25,40,51.0386543,1.99860382,39,92.13085
4.6875,40,51.0306664,1.998291,39,92.13085
7.8125,41,50.8783073,1.99232483,39,92.13085
27.734375,40,50.83408,1.990593,39,92.13085
29.6875,40,51.32126,2.00967026,39,92.13085
16.015625,39,51.06759,1.99973679,39,92.13085
5.46875,40,51.0483971,1.99898529,39,92.13085
8.846151,39,51.0303726,1.99827957,39,92.13085
9.230768,40,51.0487862,1.99900055,39,92.13085
6.53846264,40,51.0632057,1.99956512,39,92.13085
22.65625,40,51.1435738,2.00271225,39,92.13085
5.859375,40,51.1873131,2.004425,39,92.13085
4.615384,40,51.17046,2.003765,39,92.13085
4.615384,39,51.16627,2.003601,39,92.13085
4.23076725,39,51.1585732,2.00329971,39,92.13085
5.859375,39,51.0021248,1.99717331,39,92.13085
4.6875,39,50.99696,1.99697113,39,92.13085
1.5625,39,50.9941368,1.9968605,39,92.13085
4.296875,40,50.992382,1.99679184,39,92.13085
6.25,39,50.9955978,1.99691772,39,92.13085
24.21875,41,50.96189,1.99559784,39,92.13085
5.46875,39,50.95702,1.9954071,39,92.13086
22.65625,42,50.9867325,1.99657059,39,92.13086
26.5625,40,51.0100136,1.9974823,39,92.13086
3.125,40,51.0205345,1.99789429,39,92.13086
2.30769515,39,51.0187836,1.99782562,39,92.13086
4.61537838,39,51.0016365,1.99715424,39,92.13086
2.74677277,39,51.0015373,1.99715042,39,92.13086
3.1129837,40,50.955265,1.99533844,39,92.13086
8.203125,39,51.0038757,1.997242,39,92.13086
3.515625,40,51.00193,1.99716568,39,92.13086
29.4642868,40,51.0369,1.99853516,39,92.13086
9.687501,41,51.07801,2.000145,39,92.13086
4.6875,42,50.8800621,1.99239349,39,92.13086
5.46875,40,51.0174179,1.99777222,39,92.13086
3.90625,40,50.81937,1.99001694,39,92.13086
48.4375,43,51.811264,2.02885818,39,92.13086
33.4883461,40,52.3383865,2.04949951,39,92.13086
2.7223587,40,52.31569,2.04861069,39,92.13086
9.580421,42,52.1915779,2.04375076,39,92.13086
67.1875,44,56.84955,2.22615051,39,92.13086
28.515625,43,57.2581139,2.24214935,39,92.13086
17.96875,41,57.61281,2.25603867,39,92.13086
13.0769253,42,57.5925446,2.25524521,39,92.13086
14.84375,42,57.56449,2.25414658,39,92.13086
24.609375,42,57.5623474,2.25406265,39,92.13086
21.484375,42,57.02782,2.23313141,39,92.13086
19.53125,42,57.0138931,2.232586,39,92.13086
10.9375,42,57.0133057,2.232563,39,92.13086
9.765625,41,56.99889,2.23199844,39,92.13086
28.515625,43,56.9727821,2.230976,39,92.13086
34.375,43,57.38914,2.24728012,39,92.131
32.8125,45,57.48831,2.25116348,39,92.131
16.40625,42,57.5620537,2.25405121,39,92.131
42.578125,45,57.535656,2.25301743,39,92.131
39.84375,42,58.0904427,2.27474213,39,92.131
29.6875,44,58.25303,2.28110886,39,92.131
26.953125,42,58.37597,2.285923,39,92.131
42.578125,44,58.5409927,2.292385,39,92.131
73.4375,46,59.21268,2.31868744,39,92.131
69.140625,48,61.17387,2.395485,39,92.131
59.765625,44,61.4225731,2.40522385,39,92.131
27.734375,43,61.269825,2.3992424,39,92.131
48.046875,47,61.99889,2.4277916,39,92.131
18.75,43,62.1552429,2.43391418,39,92.131
16.40625,43,62.2917252,2.43925858,39,92.131
37.5,45,63.3057327,2.47896576,39,92.131
49.21875,47,63.3509331,2.48073578,39,92.131
32.421875,48,63.85516,2.50048065,39,92.131
83.203125,48,64.12013,2.51085663,39,92.131
33.984375,47,63.0379333,2.46847916,39,92.131
25.390625,45,64.5714645,2.52853012,39,92.131
25,44,64.4985046,2.525673,39,92.131
11.328125,44,64.28399,2.517273,39,92.131
39.453125,48,64.365036,2.52044678,39,92.131
33.203125,45,64.36299,2.52036667,39,92.131
31.25,48,64.6323547,2.53091431,39,92.131
21.09375,45,64.42972,2.52297974,39,92.131
31.25,45,64.39339,2.52155685,39,92.131
15.234375,45,64.12861,2.51118851,39,92.131
17.1875,44,64.11721,2.51074219,39,92.131
7.03125,44,64.08263,2.509388,39,92.1233444
12.109375,44,64.0573,2.50839615,39,92.1233444
13.28125,44,64.02291,2.50704956,39,92.1233444
14.84375,44,64.04814,2.50803757,39,92.1233444
19.921875,46,64.09393,2.50983047,39,92.1233444
20.7692261,45,64.118576,2.51079559,39,92.1233444
18.359375,44,64.19359,2.513733,39,92.1233444
20.3125,45,64.1087341,2.51041031,39,92.1233444
18.75,44,63.8435669,2.5000267,39,92.1233444
16.40625,45,63.7815132,2.49759674,39,92.1233444
25.390625,48,63.8350945,2.49969482,39,92.1233444
22.65625,45,63.699,2.49436569,39,92.1233444
13.28125,46,63.7321243,2.49566269,39,92.1233444
17.1875,45,63.7524834,2.49646,39,92.1233444
17.96875,44,63.6892624,2.49398422,39,92.1233444
23.046875,45,63.39185,2.482338,39,92.1233444
19.53125,45,62.809494,2.45953369,39,92.1233444
19.140625,46,62.8517723,2.46118927,39,92.1233444
20.703125,45,62.84388,2.46088028,39,92.1233444
18.359375,45,62.74481,2.45700073,39,92.1233444
10.15625,45,62.7422752,2.45690155,39,92.1233444
10.9375,45,62.7404251,2.456829,39,92.1233444
11.71875,45,62.8519669,2.461197,39,92.1233444
14.84375,44,62.8303375,2.46035,39,92.1233444
12.890625,45,62.83599,2.46057129,39,92.1233444
13.671875,44,62.89921,2.463047,39,92.1233444
21.875,44,63.0618973,2.46941757,39,92.1233444
17.578125,45,63.1532745,2.47299576,39,92.1233444
8.203125,43,63.1789932,2.47400284,39,92.1233444
7.03125,44,63.1819153,2.47411728,39,92.1233444
5.46875,43,63.1800652,2.4740448,39,92.1235046
9.375,43,63.1800652,2.4740448,39,92.1235046
7.421875,43,63.21757,2.47551346,39,92.1235046
7.8125,43,63.2164,2.47546768,39,92.1235046
8.59375,44,63.2120171,2.475296,39,92.1235046
6.640625,43,63.1863976,2.47429276,39,92.1235046
6.25,44,63.1900978,2.47443771,39,92.1235046
6.538457,44,63.19068,2.4744606,39,92.1235046
5.078125,44,63.1867867,2.474308,39,92.1235046
8.984375,44,63.0725174,2.46983337,39,92.1235046
8.203125,44,63.03345,2.46830368,39,92.1235046
8.984375,43,62.96604,2.465664,39,92.1235046
6.640625,44,62.9568825,2.46530533,39,92.1235046
5.46875,44,62.9322357,2.46434021,39,92.1235046
7.421875,43,62.93857,2.46458817,39,92.1235046
7.03125,44,62.93925,2.46461487,39,92.1235046
7.8125,43,62.9373,2.46453857,39,92.1235046
10.546875,44,62.9399338,2.46464157,39,92.1235046
7.421875,42,62.9137268,2.46361542,39,92.1235046
10.15625,43,62.91733,2.46375656,39,92.1235046
5.859375,43,62.9101219,2.46347427,39,92.1235046
4.6875,43,62.9067154,2.46334076,39,92.1235046
4.615384,43,62.90652,2.46333313,39,92.1235046
5.078125,43,62.901844,2.46315,39,92.1235046
7.421875,44,62.8803139,2.462307,39,92.1235046
6.53846264,43,62.8837242,2.46244049,39,92.1235046
8.59375,43,62.87583,2.4621315,39,92.1235046
7.8125,43,62.8784637,2.4622345,39,92.1235046
7.05605125,43,62.8765144,2.4621582,39,92.1235046
8.954329,43,62.8792419,2.462265,39,92.1235046
7.421875,43,62.87476,2.46208954,39,92.1238
6.640625,42,62.84914,2.46108627,39,92.1238
6.640625,42,62.8474846,2.46102142,39,92.1238
8.203125,42,62.92922,2.464222,39,92.1238
17.1875,45,62.6835327,2.45460129,39,92.1238
13.671875,43,62.67613,2.45431137,39,92.1238
5.859375,42,62.67798,2.45438385,39,92.1238
7.421875,43,62.67564,2.4542923,39,92.1238
14.0625,45,62.7450027,2.45700836,39,92.1238
16.40625,42,62.7550354,2.45740128,39,92.1238
7.421875,44,62.7670174,2.45787048,39,92.1238
23.828125,45,62.77072,2.45801544,39,92.1238
28.125,44,62.77627,2.45823288,39,92.1238
16.015625,43,62.7960472,2.45900726,39,92.1238
16.40625,44,62.7955627,2.45898819,39,92.1238
16.015625,44,62.7490959,2.45716858,39,92.1238
14.453125,44,62.7467575,2.457077,39,92.1238
14.453125,45,62.8255653,2.460163,39,92.1238
23.4375,45,62.9298973,2.46424866,39,92.1238
15.234375,44,62.8423233,2.46081924,39,92.1238
21.484375,45,63.15639,2.47311783,39,92.1238
19.921875,44,63.55609,2.48876953,39,92.1238
8.984375,43,63.24056,2.47641373,39,92.1238
49.21875,47,64.47571,2.52478027,39,92.1238
50.390625,48,64.54799,2.52761078,39,92.1238
50,48,65.171936,2.552044,39,92.1238
45.3125,48,65.66321,2.57128143,39,92.1238
45.703125,48,66.2036743,2.59244537,39,92.1238
44.53125,48,67.2699,2.63419724,39,92.1238
36.328125,48,68.32054,2.67533875,39,92.1238
41.40625,47,69.2684,2.71245575,39,92.12301
23.4375,48,69.69216,2.72904968,39,92.12301
18.359375,46,69.9111557,2.73762512,39,92.12301
12.890625,46,69.96415,2.73970032,39,92.12301
14.0625,45,70.07939,2.744213,39,92.12301
8.59375,47,70.117775,2.745716,39,92.12301
16.40625,45,70.04559,2.7428894,39,92.12301
13.28125,46,70.01802,2.74180984,39,92.12301
18.75,45,72.38018,2.83430862,39,92.12301
8.984375,45,72.3571854,2.83340836,39,92.12301
8.984375,45,72.4294739,2.83623886,39,92.12301
12.890625,45,72.5867,2.84239578,39,92.12301
11.3591251,45,72.67418,2.84582138,39,92.12301
11.1188774,45,72.8275146,2.85182571,39,92.12301
15.8730145,45,72.89785,2.85458,39,92.12301
17.1875,46,73.00277,2.85868835,39,92.12301
19.53125,45,73.13545,2.863884,39,92.12301
17.1875,45,73.10359,2.86263657,39,92.12301
12.890625,45,73.0736847,2.86146545,39,92.12301
28.125,47,73.3085556,2.87066269,39,92.12301
46.09375,48,73.30174,2.87039566,39,92.12301
58.984375,48,73.28391,2.86969757,39,92.12301
51.171875,47,73.3521042,2.87236786,39,92.12301
47.265625,48,73.46861,2.87693024,39,92.12301
25,47,73.78083,2.88915634,39,92.12301
31.640625,46,73.59272,2.88179016,39,92.12301
34.765625,46,73.63188,2.88332367,39,92.12301
13.3246536,45,73.7713852,2.88878632,39,92.12301
23.353363,46,73.8154144,2.89051056,39,92.12301
20.703125,45,74.03412,2.89907455,39,92.12301
21.484375,47,73.98833,2.89728165,39,92.12347
28.125,46,74.03012,2.89891815,39,92.12347
7.8125,45,74.0287552,2.89886475,39,92.12347
10.546875,46,74.0273,2.89880753,39,92.12347
6.640625,45,74.02408,2.89868164,39,92.12347
9.765625,46,74.08974,2.90125275,39,92.12347
5.859375,45,74.0648041,2.90027618,39,92.12347
8.984375,45,74.06334,2.900219,39,92.12347
9.765625,45,74.06656,2.90034485,39,92.12347
11.328125,46,74.06646,2.900341,39,92.12347
9.765625,46,74.05974,2.90007782,39,92.12347
8.203125,47,74.05954,2.90007019,39,92.12347
10.546875,46,74.05954,2.90007019,39,92.12347
8.59375,46,74.05954,2.90007019,39,92.12347
10.15625,46,74.05818,2.90001678,39,92.12347
11.71875,48,73.9516,2.89584351,39,92.12347
19.53125,45,72.61641,2.84355927,39,92.12347
13.671875,46,72.5846558,2.84231567,39,92.12347
8.59375,46,72.58017,2.8421402,39,92.12347
12.890625,45,72.5778351,2.84204865,39,92.12347
10.546875,45,72.54764,2.840866,39,92.12347
15.625,45,72.7151947,2.84742737,39,92.12347
11.71875,46,72.70292,2.84694672,39,92.12347
13.28125,45,72.70613,2.8470726,39,92.12347
7.03125,45,72.70604,2.84706879,39,92.12347
16.40625,45,72.69152,2.8465004,39,92.12347
13.28125,47,72.69064,2.846466,39,92.12347
26.5625,48,71.59071,2.80339432,39,92.12347
22.265625,46,70.60437,2.76477051,39,92.12347
11.328125,45,70.58976,2.7641983,39,92.12347
10.9375,45,70.58284,2.76392746,40,92.12347
12.890625,45,70.58187,2.76388931,40,92.12347
12.5,44,70.57787,2.763733,40,92.12347
15.6808014,45,70.58372,2.76396179,40,92.12347
15.5829315,45,70.58284,2.76392746,40,92.12347
14.0625,45,70.58304,2.763935,40,92.12347
15.234375,45,70.58245,2.7639122,40,92.12347
10.546875,44,70.58226,2.76390457,40,92.12347
9.765625,45,70.56014,2.76303864,40,92.12347
9.765625,45,70.55605,2.76287842,40,92.12347
15.625,44,70.53657,2.76211548,40,92.12347
15.234375,45,70.5356,2.76207733,40,92.12347
10.9375,44,70.53511,2.76205826,40,92.12347
12.5,44,70.53647,2.76211166,40,92.12347
9.765625,44,70.54115,2.76229477,40,92.12347
11.328125,44,70.5160141,2.76131058,40,92.12347
9.765625,44,70.5160141,2.76131058,40,92.12347
8.984375,45,70.5119247,2.76115036,40,92.12347
10.15625,44,70.5159149,2.76130676,40,92.12347
7.421875,45,70.5155258,2.7612915,40,92.12347
14.0625,44,70.5112457,2.76112366,40,92.12347
9.765625,44,70.51543,2.76128769,40,92.12347
9.765625,44,70.50384,2.76083374,40,92.12347
7.03125,44,70.50287,2.76079559,40,92.12347
9.375,45,70.4714,2.75956345,40,92.12347
10.15625,45,70.4750061,2.75970459,40,92.12347
16.40625,44,70.4688644,2.75946426,40,92.12347
10.15625,44,70.4433441,2.75846481,40,92.12347
10.546875,44,70.43652,2.75819778,40,92.12347
11.328125,45,70.44188,2.75840759,40,92.12347
8.984375,44,70.4409,2.75836945,39,92.12347
10.15625,45,70.4363251,2.75819016,39,92.12347
12.109375,44,70.4363251,2.75819016,39,92.12347
8.203125,45,70.441,2.75837326,39,92.12347
7.428074,44,70.4409,2.75836945,39,92.12347
11.3040867,45,70.43662,2.7582016,39,92.12347
10.546875,44,70.4435349,2.75847244,39,92.12347
8.984375,44,70.44373,2.75848,39,92.12347
8.59375,45,70.4472351,2.7586174,39,92.12347
14.84375,45,70.442955,2.75844955,39,92.12347
8.984375,45,70.4470444,2.75860977,39,92.12347
7.421875,44,70.44685,2.75860214,39,92.12347
12.890625,45,70.40993,2.75715637,39,92.12347
12.109375,44,70.38421,2.75614929,39,92.12347
12.109375,44,70.3891754,2.75634384,39,92.12347
7.8125,44,70.40525,2.75697327,39,92.12347
8.203125,44,70.40116,2.756813,39,92.12347
7.421875,44,70.40233,2.75685883,39,92.12347
9.375,44,70.4068146,2.7570343,39,92.12347
9.765625,44,70.40642,2.757019,39,92.12347
8.25272751,44,70.40214,2.7568512,39,92.12347
8.59375,44,70.40633,2.75701523,39,92.12347
9.765625,44,70.38129,2.75603485,39,92.12347
7.03125,44,70.3771,2.75587082,39,92.12347
10.6026764,44,70.37583,2.75582123,39,92.12347
14.7836571,44,70.37983,2.75597763,39,92.12347
19.140625,45,70.37018,2.7556,39,92.12347
14.0625,44,70.330246,2.754036,39,92.12347
9.765625,45,70.33063,2.75405121,39,92.12347
8.984375,44,70.31505,2.75344086,39,92.12347
11.71875,45,70.31602,2.753479,39,92.1234741
11.71875,45,70.31203,2.7533226,39,92.1234741
19.9838753,44,70.34398,2.75457382,39,92.1234741
14.7956734,44,70.39853,2.75671,39,92.1234741
24.21875,46,70.32995,2.75402451,39,92.1234741
9.765625,45,70.3392,2.754387,39,92.1234741
8.984375,45,70.3233261,2.753765,39,92.1234741
9.375,44,70.32576,2.75386047,39,92.1234741
14.0625,44,70.32391,2.753788,39,92.1234741
15.234375,44,70.30287,2.752964,39,92.1234741
23.046875,45,70.31573,2.75346756,39,92.1234741
25,47,70.41733,2.75744629,39,92.1234741
12.109375,45,70.38772,2.75628662,39,92.1234741
25.390625,46,70.59366,2.764351,39,92.1234741
56.40244,48,71.60182,2.80382919,39,92.1234741
39.673912,45,72.26347,2.82973862,39,92.1234741
14.453125,47,72.2270355,2.828312,39,92.1234741
17.96875,46,72.2412643,2.82886887,39,92.1234741
27.34375,45,72.01116,2.81985855,39,92.1234741
16.796875,46,71.88852,2.81505585,39,92.1234741
17.1875,46,71.8726349,2.814434,39,92.1234741
25.78125,47,71.9568,2.81773,39,92.1234741
32.03125,46,71.92583,2.81651688,39,92.1234741
46.875,48,72.30098,2.83120728,39,92.1234741
30.46875,47,72.85099,2.852745,39,92.1234741
36.71875,48,72.7515259,2.84885025,39,92.1234741
27.34375,47,73.0484543,2.86047745,39,92.1234741
18.359375,48,73.15279,2.864563,39,92.1234741
31.640625,47,73.07076,2.861351,39,92.1234741
35.9375,48,73.19536,2.86623,39,92.1234741
29.6875,47,73.26852,2.86909485,39,92.1235352
23.828125,49,73.2323761,2.8676796,39,92.1235352
32.03125,48,73.27933,2.86951828,39,92.1235352
32.421875,49,73.38211,2.87354279,39,92.1235352
29.296875,48,73.44923,2.876171,39,92.1235352
21.875,47,73.4014,2.874298,39,92.1235352
24.609375,47,73.4954,2.87797928,39,92.1235352
20.703125,47,73.56077,2.880539,39,92.1235352
28.90625,49,73.58483,2.88148117,39,92.1235352
26.953125,47,73.6387,2.8835907,39,92.1235352
20.703125,49,73.7320251,2.88724518,39,92.1235352
93.359375,49,74.62017,2.92202377,39,92.1235352
39.84375,49,74.9189453,2.93372345,39,92.1235352
94.921875,50,75.4000854,2.95256424,39,92.1235352
63.28125,48,75.6170349,2.96105957,39,92.1235352
43.75,50,75.8260956,2.969246,39,92.1235352
21.484375,48,75.97768,2.97518158,39,92.1235352
19.140625,47,76.066124,2.97864532,39,92.1235352
24.28075,47,76.1729,2.98282623,39,92.1235352
38.9723549,50,76.24908,2.98580933,39,92.1235352
43.75,48,76.26544,2.9864502,39,92.1235352
12.890625,47,76.20456,2.984066,39,92.1235352
12.109375,47,76.36685,2.9904213,39,92.1235352
36.71875,47,76.4421539,2.99337,39,92.1235352
25.78125,47,76.63942,3.00109482,39,92.1235352
23.9521332,50,77.23328,3.02434921,39,92.1235352
24.4891815,47,77.20249,3.02314377,39,92.1235352
23.828125,47,77.67671,3.04171371,39,92.1235352
25,47,77.7374039,3.04409027,39,92.1235352
34.375,47,77.95659,3.05267334,39,92.1235352
29.6875,47,78.01436,3.05493546,40,92.1235352
19.53125,48,78.07768,3.057415,40,92.1235352
19.140625,48,78.2128,3.062706,40,92.1235352
18.359375,48,78.19263,3.06191635,40,92.1235352
22.265625,50,78.1601944,3.060646,40,92.1235352
31.640625,50,78.137886,3.05977249,40,92.1235352
18.75,49,78.22049,3.06300735,40,92.1235352
22.265625,48,78.36555,3.06868744,40,92.1235352
22.65625,48,78.43442,3.07138443,40,92.1235352
25.78125,48,78.44514,3.071804,40,92.1235352
33.203125,47,78.4857559,3.07339478,40,92.1235352
38.28125,47,77.3568,3.02918625,40,92.1235352
12.109375,48,77.35202,3.02899933,40,92.1235352
15.234375,47,77.3304,3.02815247,40,92.1235352
25.78125,47,77.32562,3.02796555,40,92.1235352
17.96875,48,77.4009247,3.03091431,40,92.1235352
17.96875,47,77.39908,3.03084183,40,92.1235352
17.578125,47,77.403656,3.031021,40,92.1235352
17.1875,48,77.4005356,3.030899,40,92.1235352
19.140625,48,77.36926,3.02967453,40,92.1235352
37.109375,48,77.40122,3.03092575,40,92.1235352
19.53125,48,77.6319046,3.039959,40,92.1235352
34.1269836,47,77.73234,3.043892,40,92.1235352
14.0204315,47,77.77043,3.04538345,40,92.1235352
17.578125,48,77.7978058,3.04645538,40,92.1235352
22.65625,47,77.7982941,3.04647446,40,92.1235352
16.40625,48,77.76,3.04497528,40,92.1235352
17.96875,47,77.75864,3.04492188,40,92.1235352
17.1875,47,77.7370148,3.044075,40,92.1235352
22.265625,49,77.72445,3.043583,40,92.1235352
30.078125,47,77.72094,3.04344559,40,92.1253052
17.1875,47,77.6358,3.04011154,40,92.1253052
12.109375,48,77.60112,3.03875351,40,92.1253052
16.40625,49,77.59235,3.03841019,40,92.1253052
14.84375,48,77.58982,3.038311,40,92.1253052
15.625,48,77.58631,3.03817368,40,92.1253052
14.453125,49,77.5603943,3.037159,40,92.1253052
14.0625,48,77.55865,3.0370903,40,92.1253052
17.96875,49,77.52289,3.03569031,40,92.1253052
15.625,49,77.52162,3.03564072,40,92.1253052
25,48,77.52124,3.03562546,40,92.1253052
20.3125,49,77.49922,3.03476334,40,92.1253052
20.3125,47,77.4963,3.034649,40,92.1253052
12.5,47,77.4925,3.03450012,40,92.1253052
13.671875,47,77.49649,3.03465652,40,92.1253052
13.671875,47,77.49649,3.03465652,40,92.1253052
29.296875,48,77.37112,3.029747,40,92.1253052
22.65625,49,77.51198,3.035263,40,92.1253052
13.671875,48,77.54014,3.03636551,40,92.1253052
14.0625,47,77.52474,3.03576279,40,92.1253052
25.78125,48,77.64856,3.04061127,40,92.1253052
16.40625,47,77.87164,3.049347,40,92.1253052
17.578125,47,77.99945,3.05435181,40,92.1253052
13.671875,47,78.24524,3.06397629,40,92.1253052
20.703125,48,78.55434,3.07608032,40,92.1253052
18.359375,47,78.58571,3.07730865,40,92.1253052
19.921875,47,78.61834,3.07858658,40,92.1253052
19.53125,47,78.681366,3.08105469,40,92.1253052
14.1121025,47,78.7030945,3.08190536,40,92.1253052
15.1622591,47,78.86412,3.088211,40,92.1253052
30.078125,47,78.8623657,3.0881424,40,92.12534
13.671875,47,78.9995346,3.09351349,40,92.12534
26.5625,49,79.1196442,3.098217,40,92.12534
26.5625,47,79.24425,3.103096,40,92.12534
15.625,47,79.45291,3.111267,40,92.12534
16.40625,47,79.59592,3.116867,40,92.12534
11.71875,47,79.60254,3.11712646,40,92.12534
20.3125,47,79.76065,3.12331772,40,92.12534
14.0625,47,79.63615,3.11844254,40,92.12534
17.96875,47,79.77292,3.12379837,40,92.12534
28.125,47,79.7711639,3.12372971,40,92.12534
18.4337788,47,79.84842,3.12675476,40,92.12534
17.8906269,47,79.94505,3.130539,40,92.12534
19.140625,47,79.95723,3.13101578,40,92.12534
30.46875,49,80.09683,3.13648224,40,92.12534
35.546875,49,80.5392,3.15380478,40,92.12534
23.046875,48,80.5378342,3.15375137,40,92.12534
28.515625,48,80.76199,3.162529,40,92.12534
40.625,50,80.96491,3.170475,40,92.12534
25.4650288,48,81.19121,3.17933655,40,92.12534
27.6322136,48,81.4857941,3.19087219,40,92.12534
24.21875,48,81.73713,3.200714,40,92.12534
17.96875,48,81.7822342,3.20248032,40,92.12534
25,48,82.64846,3.2364006,40,92.12534
24.609375,48,84.28623,3.30053329,40,92.12534
42.578125,52,84.7399,3.31829834,40,92.12534
31.640625,50,85.3695,3.34295273,40,92.12534
23.828125,48,85.53268,3.34934235,40,92.12534
14.0625,48,84.88164,3.32384872,40,92.12534
21.484375,48,84.6758957,3.315792,40,92.12534
32.8125,49,84.77565,3.31969833,40,92.13903
23.4375,48,84.9723358,3.32740021,40,92.13903
22.65625,48,85.32304,3.341133,40,92.13903
21.875,49,85.26653,3.33892059,40,92.13903
23.046875,48,85.40408,3.344307,40,92.13903
26.5625,49,85.45503,3.346302,40,92.13903
17.1875,48,85.44578,3.34593964,40,92.13903
15.625,49,85.51007,3.34845734,40,92.13903
36.328125,48,85.3816757,3.34342957,40,92.13903
30.078125,48,84.52276,3.30979538,40,92.13903
37.5,49,83.9028,3.28551865,40,92.13903
17.96875,50,84.02428,3.29027557,40,92.13903
42.1875,49,84.60897,3.31317139,40,92.13903
44.140625,50,84.8077,3.32095337,40,92.13903
40.625,48,84.9002457,3.32457733,40,92.13903
37.109375,49,85.20204,3.33639526,40,92.13903
39.84375,49,85.37534,3.34318161,40,92.13903
48.046875,49,85.59054,3.35160828,40,92.13903
73.828125,51,86.47946,3.38641739,40,92.13903
56.25,51,86.5762,3.39020538,40,92.13903
49.609375,50,86.62452,3.39209747,40,92.13903
33.203125,51,86.5062561,3.38746643,40,92.13903
27.734375,48,86.51492,3.387806,40,92.13903
24.21875,50,86.50197,3.38729858,40,92.13903
14.84375,49,86.47537,3.38625717,40,92.13903
13.671875,48,86.51395,3.38776779,40,92.13903
23.4375,48,86.55223,3.389267,40,92.13903
21.484375,50,86.64273,3.39281082,40,92.13903
14.0625,48,86.49145,3.3868866,40,92.13903
12.5,48,86.5007,3.387249,40,92.13903
34.765625,48,86.41965,3.38407516,40,92.13703
14.0625,48,86.42793,3.38439941,40,92.13703
10.15625,48,86.49544,3.387043,40,92.13703
17.578125,48,86.4492645,3.38523483,40,92.13703
19.140625,48,86.33909,3.38092041,40,92.13703
16.796875,48,86.4065,3.38356018,40,92.13703
17.578125,48,86.51463,3.38779449,40,92.13703
18.75,48,86.66329,3.39361572,40,92.13703
22.65625,48,86.608345,3.39146423,40,92.13703
13.671875,48,86.7059555,3.39528656,40,92.13703
28.90625,48,86.4887161,3.38677979,40,92.13703
17.96875,48,86.4328,3.38459015,40,92.13703
16.796875,48,86.46027,3.385666,40,92.13703
14.453125,49,86.4481,3.385189,40,92.13703
25,49,86.91258,3.40337753,40,92.13703
10.15625,48,86.88715,3.402382,40,92.13703
23.828125,48,86.9809647,3.40605545,40,92.13703
17.96875,48,86.9531,3.40496445,40,92.13703
18.75,49,87.02626,3.40782928,40,92.13703
15.625,50,87.12436,3.41167068,40,92.13703
36.328125,49,87.72835,3.43532181,40,92.13703
18.359375,48,87.69113,3.43386459,40,92.13703
14.453125,48,87.73808,3.43570328,40,92.13703
14.84375,48,87.69941,3.43418884,40,92.13703
27.34375,52,87.64125,3.43191147,40,92.13703
16.796875,48,87.66658,3.43290329,40,92.13703
16.40625,48,87.78563,3.43756485,40,92.13703
12.5,48,87.77647,3.43720627,40,92.13703
14.453125,48,87.86687,3.44074631,40,92.13703
10.9375,48,87.91178,3.442505,40,92.13703
30.078125,48,86.66446,3.3936615,40,92.13648
14.453125,48,86.6339645,3.3924675,40,92.13648
19.140625,47,86.65598,3.39332962,40,92.13648
13.671875,47,86.5141449,3.38777542,40,92.13648
24.609375,48,86.756424,3.39726257,40,92.13648
11.7435513,47,86.74103,3.39665985,40,92.13648
15.1923065,48,86.71901,3.39579773,40,92.13648
14.0625,48,86.69573,3.394886,40,92.13648
13.671875,47,86.85481,3.40111542,40,92.13648
13.671875,48,87.02753,3.40787888,40,92.13648
33.6991539,48,86.69329,3.39479065,40,92.13648
27.2055264,48,87.1909943,3.41428,40,92.13648
12.5,48,87.22772,3.415718,40,92.13648
16.796875,48,87.2879257,3.41807556,40,92.13648
23.046875,48,87.34238,3.420208,40,92.13648
30.078125,51,87.51695,3.427044,40,92.13648
36.71875,49,87.49007,3.425991,40,92.13648
38.671875,49,87.7408142,3.43581,40,92.13648
18.359375,50,87.79274,3.43784332,40,92.13648
18.75,48,87.9685745,3.44472885,40,92.13648
23.4375,50,88.09268,3.44958878,40,92.13648
18.75,49,87.98474,3.445362,40,92.13648
15.234375,48,87.96663,3.44465256,40,92.13648
20.703125,48,88.11479,3.45045471,40,92.13648
16.796875,48,88.20111,3.45383453,40,92.13648
16.40625,48,88.17987,3.453003,40,92.13648
25.78125,48,88.36214,3.46014023,40,92.13648
33.984375,48,88.2473755,3.45564651,40,92.13648
30.46875,48,87.25841,3.41691971,40,92.13648
12.890625,49,87.47165,3.42527,40,92.13648
43.359375,49,87.6137848,3.43083572,41,92.1361847
20.8643379,48,87.7332153,3.43551254,41,92.1361847
27.9146614,49,87.89844,3.44198227,41,92.1361847
32.421875,48,88.1245346,3.45083618,41,92.1361847
21.484375,49,88.22965,3.45495224,41,92.1361847
26.5625,48,88.38308,3.46096039,41,92.1361847
23.4375,49,88.70602,3.473606,41,92.1361847
23.4375,50,89.06266,3.48757172,41,92.1361847
28.7878819,51,89.1807251,3.49219513,41,92.1361847
33.06452,49,89.12393,3.48997116,41,92.1361847
34.375,49,89.3591,3.49917984,41,92.1361847
25.390625,49,88.6952057,3.47318268,41,92.1361847
17.578125,48,87.7116852,3.43466949,41,92.1361847
30.859375,49,88.10252,3.449974,41,92.1361847
24.609375,48,88.22819,3.454895,41,92.1361847
31.640625,49,88.90504,3.48139954,41,92.1361847
28.0303,50,88.75969,3.475708,41,92.1361847
41.12903,51,89.40303,3.50090027,41,92.1361847
21.09375,49,89.43479,3.50214386,41,92.1361847
28.125,49,89.3435059,3.49856949,41,92.1361847
38.671875,49,89.2854462,3.496296,41,92.1361847
27.734375,49,89.21609,3.49357986,41,92.1361847
19.140625,49,89.40605,3.50101852,41,92.1361847
30.078125,49,89.3325043,3.49813843,41,92.1361847
25.78125,49,89.114,3.489582,41,92.1361847
16.796875,49,88.89851,3.481144,41,92.1361847
21.875,49,88.88351,3.48055649,41,92.1361847
20.3125,49,88.5146942,3.466114,41,92.1361847
18.75,49,88.6812744,3.47263718,41,92.1361847
21.875,49,88.37714,3.46072769,41,92.1361847
36.71875,49,88.3188858,3.4584465,41,92.13623
30.46875,51,88.66042,3.47182083,41,92.13623
29.296875,50,88.84425,3.47901917,41,92.13623
27.734375,50,88.94362,3.48291016,41,92.13623
35.15625,49,89.27512,3.49589157,41,92.13623
42.96875,50,89.45213,3.50282288,41,92.13623
57.8125,52,89.93025,3.52154541,41,92.13623
43.359375,49,90.0276642,3.52536,41,92.13623
20.3125,49,90.01822,3.52499,41,92.13623
27.734375,49,90.0235748,3.5252,41,92.13623
39.84375,49,90.05543,3.5264473,41,92.13623
21.09375,50,89.97087,3.52313614,41,92.13623
42.1875,51,90.1214752,3.52903366,41,92.13623
53.515625,50,90.1132,3.52870941,41,92.13623
43.9112053,49,90.01714,3.52494812,41,92.13623
52.14543,52,90.33307,3.53731918,41,92.13623
33.203125,49,90.0886459,3.527748,41,92.13623
26.6493073,49,89.99542,3.52409744,41,92.13623
24.8978386,49,90.00107,3.5243187,41,92.13623
34.1207848,49,89.94233,3.52201843,41,92.13623
28.42548,49,90.01559,3.524887,41,92.13623
22.65625,51,90.4286346,3.5410614,41,92.13623
26.6493073,49,90.44061,3.54153061,41,92.13623
49.02043,49,90.2584457,3.53439713,41,92.13623
42.1875,51,90.51796,3.54455948,41,92.13623
39.84375,51,90.63662,3.54920578,41,92.13623
36.71875,50,90.56599,3.54644012,41,92.13623
51.953125,52,90.95147,3.561535,41,92.13623
53.125,50,91.21956,3.572033,41,92.13623
55.859375,51,91.3574,3.57743073,41,92.13623
59.765625,52,91.40689,3.57936859,41,92.13966
66.015625,50,91.3424,3.57684326,41,92.13966
45.3125,49,91.44459,3.58084488,41,92.13966
24.21875,49,91.39725,3.578991,41,92.13966
50,51,91.7130661,3.59135818,41,92.13966
32.421875,49,91.67177,3.58974075,41,92.13966
64.84375,52,91.7488251,3.59275818,41,92.13966
73.4375,52,91.8513,3.59677124,41,92.13966
46.484375,50,91.4889145,3.58258057,41,92.13966
29.6875,51,91.36665,3.57779312,41,92.13966
67.578125,50,83.87805,3.28454971,41,92.13966
37.890625,52,83.87104,3.284275,41,92.13966
38.28125,50,84.00489,3.28951645,41,92.13966
46.09375,52,84.5248,3.30987549,41,92.13966
46.484375,52,84.2678146,3.29981232,41,92.13966
71.484375,53,84.850174,3.32261658,41,92.13966
43.359375,50,85.01802,3.3291893,41,92.13966
51.953125,51,85.34739,3.34208679,41,92.13966
71.484375,52,85.34261,3.34189987,41,92.13966
79.296875,52,85.91084,3.364151,41,92.13966
37.5,49,85.75254,3.357952,41,92.13966
29.6875,50,85.89584,3.36356354,41,92.13966
58.59375,52,86.2066956,3.37573624,41,92.13966
83.59375,53,86.4667053,3.38591766,41,92.13966
45.703125,50,86.37182,3.38220215,41,92.13966
46.875,52,86.46563,3.3858757,41,92.13966
46.09375,51,86.25034,3.37744522,41,92.13966
45.703125,51,86.38477,3.3827095,41,92.13966
22.65625,49,86.19111,3.375126,41,92.13966
14.453125,51,86.26992,3.378212,41,92.13966
90.234375,53,86.61643,3.39178085,41,92.14083
46.484375,51,86.45725,3.38554764,41,92.14083
67.578125,52,86.82305,3.39987183,41,92.14083
75.78125,50,87.38417,3.42184448,41,92.14083
50.78125,51,87.51997,3.42716217,41,92.14083
30.859375,50,87.51013,3.426777,41,92.14083
30.078125,50,87.39459,3.42225266,41,92.14083
42.578125,49,87.55835,3.42866516,41,92.14083
54.296875,52,87.86755,3.440773,41,92.14083
76.171875,53,87.802475,3.43822479,41,92.14083
80.078125,50,87.96322,3.444519,41,92.14083
45.3125,52,88.17013,3.45262146,41,92.14083
55.078125,51,88.7706,3.47613525,41,92.14083
42.578125,51,88.7463455,3.47518539,41,92.14083
51.5625,52,89.1916351,3.49262238,41,92.14083
51.953125,53,89.29802,3.496788,41,92.14083
55.078125,52,89.5963058,3.50846863,41,92.14083
52.34375,50,89.63741,3.51007843,41,92.14083
30.078125,49,89.6762848,3.51160049,41,92.14083
45.703125,52,89.77818,3.51559067,41,92.14083
31.640625,52,89.74311,3.51421738,41,92.14083
51.5625,50,89.89577,3.520195,41,92.14083
55.078125,52,90.2335052,3.53342056,41,92.14083
55.078125,53,90.60876,3.54811478,41,92.14083
58.984375,52,90.7079239,3.55199814,41,92.14083
62.890625,52,90.88367,3.55887985,41,92.14083
31.640625,50,90.94669,3.561348,41,92.14083
31.25,52,90.75215,3.55373,41,92.14083
52.734375,50,89.7397,3.51408386,41,92.14083
38.671875,51,89.85261,3.518505,41,92.14083
62.109375,53,90.01169,3.5247345,41,92.14197
59.375,52,89.9209,3.5211792,41,92.14197
49.609375,51,89.97009,3.52310562,41,92.14197
55.078125,52,89.77545,3.51548386,41,92.14197
64.0625,53,89.73931,3.5140686,41,92.14197
40.234375,52,89.78393,3.51581573,41,92.14197
48.828125,50,89.85514,3.51860428,41,92.14197
55.46875,52,90.10531,3.52840042,41,92.14197
51.171875,52,90.2263947,3.533142,41,92.14197
52.6923065,52,90.5152359,3.54445267,41,92.14197
68.25397,53,90.66614,3.55036163,41,92.14197
46.484375,50,90.5694,3.54657364,41,92.14197
41.796875,53,90.77348,3.55456543,41,92.14197
82.8125,53,91.15488,3.5695,41,92.14197
72.65625,50,91.1615,3.56975937,41,92.14197
53.125,53,91.21459,3.57183838,41,92.14197
45.3125,51,91.37055,3.57794571,41,92.14197
54.6875,53,91.74015,3.59241867,41,92.14197
55.078125,51,91.79704,3.59464645,41,92.14197
62.5,53,91.97882,3.60176468,41,92.14197
82.8125,53,91.71921,3.59159851,41,92.14197
42.578125,50,91.61341,3.58745575,41,92.14197
25.390625,51,91.74366,3.592556,41,92.14197
54.6875,53,91.90839,3.59900665,41,92.14197
59.765625,53,91.94589,3.60047531,41,92.14197
52.734375,52,91.81234,3.59524536,41,92.14197
41.40625,51,91.60309,3.58705139,41,92.14197
47.265625,53,91.38419,3.57847977,41,92.14197
64.453125,53,91.73723,3.59230423,41,92.14197
48.828125,51,91.61624,3.58756638,41,92.14197
60.546875,54,91.680336,3.59007645,41,92.142
59.375,53,91.767334,3.593483,41,92.142
48.828125,53,92.22597,3.61144257,41,92.142
54.6875,53,92.0278244,3.60368347,41,92.142
50.390625,53,92.08861,3.60606384,41,92.142
64.0625,54,92.27847,3.61349869,41,92.142
59.375,54,92.44681,3.62009048,41,92.142
41.796875,51,92.49971,3.62216187,41,92.142
56.25,52,92.2737045,3.61331177,41,92.142
48.046875,53,92.25626,3.612629,41,92.142
81.640625,54,92.46863,3.620945,41,92.142
49.609375,51,92.52435,3.623127,41,92.142
50,53,92.54978,3.62412262,41,92.142
57.421875,51,92.84797,3.63579941,41,92.142
68.75,54,93.02702,3.64281082,41,92.142
72.265625,52,92.77881,3.633091,41,92.142
75.78125,54,93.15279,3.6477356,41,92.142
56.640625,53,93.055954,3.64394379,41,92.142
64.453125,53,92.61846,3.626812,41,92.142
73.046875,54,92.32348,3.615261,41,92.142
66.015625,51,92.37015,3.61708832,41,92.142
59.615387,54,92.39586,3.6180954,41,92.142
73.4375,55,92.5782242,3.62523651,41,92.142
71.875,54,92.56576,3.62474823,41,92.142
73.828125,54,92.61475,3.626667,41,92.142
67.578125,53,92.59722,3.62598038,41,92.142
72.265625,54,92.75328,3.63209152,41,92.142
87.890625,55,92.50682,3.62244034,41,92.142
69.140625,54,92.63132,3.62731552,41,92.142
66.40625,53,92.6646347,3.62862015,41,92.142
83.203125,55,92.97422,3.64074326,42,92.1413345
73.046875,53,93.02001,3.64253616,42,92.1413345
59.375,53,93.3121643,3.65397644,42,92.1413345
75.390625,55,92.26493,3.61296844,42,92.1413345
47.65625,51,91.503624,3.58315659,42,92.1413345
34.375,51,91.4443,3.58083344,42,92.1413345
44.140625,53,91.41595,3.57972336,42,92.1413345
58.984375,53,91.5933456,3.58667,42,92.1413345
53.125,54,91.5076141,3.583313,42,92.1413345
29.6875,51,91.463,3.58156586,42,92.1413345
75.78125,54,91.678,3.589985,42,92.1413345
62.109375,55,93.09463,3.64545822,42,92.1413345
84.375,54,92.12719,3.60757446,42,92.1413345
45.3125,51,92.2814941,3.613617,42,92.1413345
73.828125,54,92.29406,3.614109,42,92.1413345
91.796875,55,92.43785,3.61973953,42,92.1413345
74.21875,54,92.8677444,3.63657379,42,92.1413345
65.625,53,92.90545,3.63805,42,92.1413345
79.6875,53,92.18291,3.60975647,42,92.1413345
36.328125,51,92.00444,3.602768,42,92.1413345
48.046875,53,91.89281,3.5983963,42,92.1413345
59.765625,53,91.38838,3.5786438,42,92.1413345
42.3076935,52,91.3654861,3.57774734,42,92.1413345
40.625,51,91.38127,3.57836533,42,92.1413345
67.96875,53,91.4123459,3.57958221,42,92.1413345
51.171875,54,91.42267,3.57998657,42,92.1413345
30.078125,52,91.36461,3.577713,42,92.1413345
44.53125,50,91.28142,3.57445526,42,92.1413345
61.71875,54,91.5315857,3.5842514,42,92.1413345
63.671875,51,91.47021,3.58184814,42,92.1413345
63.28125,54,91.4453659,3.5808754,42,92.14445
49.21875,52,90.75371,3.553791,42,92.14445
50.78125,55,90.93588,3.56092453,42,92.14445
94.140625,55,91.07801,3.56649017,42,92.14445
60.546875,51,90.96628,3.56211472,42,92.14445
62.109375,54,90.9103546,3.559925,42,92.14445
86.71875,54,91.33821,3.57667923,42,92.14445
73.4375,55,91.4776154,3.582138,42,92.14445
47.65625,53,91.47226,3.58192825,42,92.14445
37.890625,50,91.36363,3.57767487,42,92.14445
70.703125,53,91.55058,3.58499527,42,92.14445
68.359375,53,91.5898361,3.58653259,42,92.14445
79.6875,55,91.749794,3.59279633,42,92.14445
89.84375,54,92.31802,3.61504745,42,92.14445
79.6875,54,92.10546,3.60672379,42,92.14445
69.140625,54,92.299324,3.614315,42,92.14445
93.75,54,92.06572,3.60516739,42,92.14445
99.21875,55,92.421875,3.619114,42,92.14445
99.609375,55,92.2359,3.61183167,42,92.14445
98.4375,55,92.79585,3.63375854,42,92.14445
61.71875,54,92.5380859,3.62366486,42,92.14445
56.640625,52,92.59332,3.62582779,42,92.14445
75.390625,55,92.0461349,3.60440063,42,92.14445
85.9375,55,92.0127258,3.60309219,42,92.14445
92.578125,55,92.07682,3.60560226,42,92.14445
83.59375,52,91.99665,3.60246277,42,92.14445
82.03125,55,92.13508,3.60788345,42,92.14445
55.46875,53,92.36498,3.61688614,42,92.14445
67.578125,54,92.62314,3.626995,42,92.14445
64.453125,54,92.241066,3.61203384,42,92.14445
90.625,55,92.3966446,3.618126,42,92.14407
100,55,92.92065,3.63864517,42,92.14407
97.58065,55,92.4076462,3.618557,42,92.14407
68.359375,54,91.974144,3.60158157,42,92.14407
66.015625,55,91.79441,3.59454346,42,92.14407
68.359375,52,91.58205,3.58622742,42,92.14407
48.828125,54,91.59422,3.58670425,42,92.14407
71.875,55,91.72593,3.59186172,42,92.14407
95.703125,55,91.83484,3.59612656,42,92.14407
81.25,54,92.08462,3.60590744,42,92.14407
73.828125,55,91.87819,3.597824,42,92.14407
68.75,55,92.2159348,3.61104965,42,92.14407
100,56,92.7677,3.632656,42,92.14407
56.25,55,92.70399,3.63016129,42,92.14407
74.609375,55,92.6824646,3.62931824,42,92.14407
89.84375,56,92.30955,3.61471558,42,92.14407
97.265625,56,92.77413,3.63290787,42,92.14407
87.890625,56,93.0551758,3.64391327,42,92.14407
94.140625,56,93.25352,3.65168,42,92.14407
80.078125,55,93.10847,3.646,42,92.14407
92.578125,56,93.00228,3.641842,42,92.14407
91.796875,56,93.1674042,3.6483078,42,92.14407
74.609375,55,93.28771,3.653019,42,92.14407
71.875,56,93.2219543,3.650444,42,92.14407
62.5,56,92.87661,3.636921,42,92.14407
80.46875,55,92.79926,3.633892,42,92.14407
85.9375,56,92.98338,3.64110184,42,92.14407
68.359375,55,92.95562,3.64001465,42,92.14407
72.65625,56,92.90905,3.63819122,42,92.14407
66.015625,54,93.0167,3.64240646,42,92.14407
72.65625,56,93.34158,3.65512848,42,92.14357
88.257576,57,93.32414,3.65444565,42,92.14357
91.1290359,56,93.42526,3.6584053,42,92.14357
63.671875,55,93.37997,3.65663147,42,92.14357
79.23077,56,93.13262,3.646946,42,92.14357
81.349205,55,92.88733,3.63734055,42,92.14357
90.234375,57,93.06541,3.64431381,42,92.14357
77.734375,55,93.25605,3.65177917,42,92.14357
85.15625,55,93.39243,3.65711975,42,92.14357
71.09375,55,93.2286758,3.65070724,42,92.14357
75,56,93.2693939,3.65230179,42,92.14357
67.1875,56,93.20851,3.6499176,42,92.14357
75.390625,56,93.19458,3.649372,42,92.14357
60.9375,56,92.81475,3.6344986,42,92.14357
69.921875,53,92.85713,3.636158,42,92.14357
63.28125,55,92.79955,3.6339035,42,92.14357
73.4375,55,92.86765,3.63657,42,92.14357
78.90625,54,92.83073,3.63512421,42,92.14357
79.6875,55,93.0116348,3.642208,42,92.14357
78.125,55,93.0701752,3.64450073,42,92.14357
81.25,56,93.08694,3.64515686,42,92.14357
76.171875,55,93.28956,3.65309143,42,92.14357
83.59375,56,93.07768,3.64479446,42,92.14357
72.65625,56,93.01611,3.64238358,42,92.14357
94.921875,55,93.49082,3.6609726,42,92.14357
61.328125,54,93.19468,3.649376,42,92.14357
67.96875,56,93.43384,3.658741,42,92.14357
66.796875,55,93.4427948,3.659092,42,92.14357
79.296875,56,91.22287,3.57216263,42,92.14357
86.328125,57,90.9530258,3.561596,42,92.14357
80.078125,55,89.6470642,3.510456,42,92.1429
45.3125,52,87.96555,3.4446106,42,92.1429
35.15625,52,87.88392,3.44141388,42,92.1429
66.796875,52,87.97763,3.44508362,42,92.1429
62.5,55,88.15483,3.45202255,42,92.1429
73.4375,55,88.3705139,3.46046829,42,92.1429
56.640625,55,88.46579,3.464199,42,92.1429
65.234375,55,88.58337,3.46880341,42,92.1429
91.40625,55,88.9857941,3.484562,42,92.1429
58.984375,55,88.95686,3.483429,42,92.1429
89.453125,55,89.147995,3.49091339,42,92.1429
92.1875,56,89.24239,3.49460983,42,92.1429
85.9375,56,89.70989,3.51291656,42,92.1429
79.296875,55,90.14457,3.52993774,42,92.1429
87.5,55,90.8482056,3.5574913,42,92.1429
70.703125,53,90.76297,3.55415344,42,92.1429
77.734375,55,90.69478,3.55148315,42,92.1429
61.71875,56,90.66711,3.55039978,42,92.1429
75.390625,56,91.25658,3.57348251,42,92.1429
79.6875,54,91.48589,3.58246231,42,92.1429
86.328125,56,91.38477,3.57850266,42,92.1429
87.5,53,91.49398,3.582779,42,92.1429
83.59375,56,91.50596,3.58324814,42,92.1429
86.71875,56,91.793045,3.59449,42,92.1429
71.484375,55,91.78662,3.59423828,42,92.1429
65.625,55,91.73801,3.59233475,42,92.1429
79.296875,55,91.88433,3.59806442,42,92.1429
94.921875,56,91.90274,3.5987854,42,92.1429
57.03125,55,92.21067,3.61084366,42,92.1429
85.546875,56,92.32952,3.61549759,42,92.1429
91.40625,56,91.97736,3.60170746,42,92.14283
78.90625,55,91.45102,3.58109665,42,92.14283
73.046875,53,91.69797,3.590767,42,92.14283
56.25,55,91.66446,3.58945465,42,92.14283
65.625,55,92.34823,3.61623,42,92.14283
56.640625,55,92.45538,3.62042618,42,92.14283
82.8125,56,92.64096,3.62769318,42,92.14283
63.671875,55,92.8846,3.63723373,42,92.14283
75.390625,53,92.42168,3.61910629,42,92.14283
46.09375,55,92.5242538,3.62312317,42,92.14283
98.828125,56,92.187294,3.60992813,42,92.14283
92.1875,56,92.54433,3.623909,42,92.14283
87.890625,56,93.0192261,3.64250565,42,92.14283
98.9436646,56,93.79846,3.67301941,42,92.14283
65.49539,54,93.54606,3.66313553,42,92.14283
79.296875,56,93.95531,3.679161,42,92.14283
79.6875,54,92.28929,3.613922,42,92.14283
71.875,55,92.8677444,3.63657379,42,92.14283
77.34375,54,92.86804,3.63658524,42,92.14283
50.390625,54,94.82932,3.71338654,42,92.14283
73.828125,56,93.53281,3.66261673,42,92.14283
80.859375,54,93.46111,3.659809,42,92.14283
67.1875,56,93.47446,3.66033173,42,92.14283
66.40625,56,93.515564,3.66194153,42,92.14283
84.375,56,93.698616,3.66910934,42,92.14283
44.53125,52,93.67075,3.66801834,42,92.14283
61.71875,55,93.47991,3.66054535,42,92.14283
37.890625,53,93.47173,3.660225,42,92.14283
44.140625,54,93.53378,3.66265488,42,92.14283
45.703125,52,93.50661,3.66159058,42,92.14283
68.75,55,93.69063,3.66879654,42,92.14208
58.0295143,53,93.9365,3.67842484,42,92.14208
61.88702,55,93.89072,3.676632,42,92.14208
50,52,93.72189,3.670021,42,92.14208
47.65625,55,93.71634,3.66980362,42,92.14208
26.953125,54,93.8006058,3.67310333,42,92.14208
58.59375,55,94.0025558,3.6810112,42,92.14208
33.59375,52,94.1120453,3.685299,42,92.14208
28.90625,53,94.35296,3.69473267,42,92.14208
58.203125,54,94.29412,3.69242859,42,92.14208
71.484375,55,94.29529,3.69247437,42,92.14208
55.078125,55,93.71956,3.6699295,42,92.14208
48.046875,55,94.20888,3.68909073,42,92.14208
59.375,55,94.7558746,3.71051025,42,92.14208
17.81984,53,92.31793,3.61504364,42,92.14208
23.9942551,54,92.58768,3.62560654,42,92.14208
49.3589745,55,93.10437,3.64583969,42,92.14208
23.828125,52,92.9563,3.64004135,42,92.14208
31.640625,52,92.39089,3.61790085,42,92.14208
25.78125,52,92.3709259,3.61711884,42,92.14208
25.78125,52,92.38446,3.617649,42,92.14208
19.53125,52,92.46776,3.62091064,42,92.14208
44.140625,54,92.9076843,3.63813782,42,92.14208
41.796875,52,92.73682,3.63144684,42,92.14208
49.609375,54,92.83891,3.63544464,42,92.14208
40.384613,53,92.73468,3.631363,42,92.14208
63.51352,53,92.72026,3.63079834,42,92.14208
51.953125,54,92.7515259,3.63202286,42,92.14208
42.96875,54,92.92619,3.63886261,42,92.14208
85.56338,55,92.56186,3.62459564,42,92.14208
61.84211,54,92.77189,3.63282013,42,92.1347656
64.453125,53,92.91957,3.63860321,42,92.1347656
30.859375,54,92.87505,3.63686,42,92.1347656
55.078125,54,93.047,3.64359283,42,92.1347656
55.859375,54,93.24806,3.65146637,42,92.1347656
60.0000038,56,93.33301,3.65479279,42,92.1347656
37.06897,54,93.29151,3.65316772,42,92.1347656
51.953125,54,93.5110855,3.661766,42,92.1347656
75,54,93.36964,3.656227,42,92.1347656
67.96875,55,93.39292,3.65713882,42,92.1347656
49.609375,54,93.42146,3.65825653,42,92.1347656
32.421875,54,93.64552,3.66703033,42,92.1347656
64.453125,55,93.6880951,3.66869736,42,92.1347656
40.625,54,93.7715759,3.67196655,42,92.1347656
45.2205849,55,93.9205246,3.67779922,42,92.1347656
36.9897957,55,93.81084,3.67350388,42,92.1347656
19.3990345,53,94.1768341,3.68783569,42,92.1347656
50.390625,54,93.94644,3.678814,42,92.1347656
55.46875,55,93.88585,3.67644119,42,92.1347656
57.421875,54,94.02418,3.681858,42,92.1347656
32.8125,53,93.9817047,3.68019485,42,92.1347656
28.125,53,94.11682,3.68548584,42,92.1347656
38.28125,54,94.09558,3.68465424,42,92.1347656
65.234375,54,93.92179,3.67784882,42,92.1347656
66.53847,55,94.09052,3.68445587,42,92.1347656
81.53846,55,94.34507,3.69442368,42,92.1347656
47.17742,55,94.4418,3.69821167,42,92.1347656
57.8125,55,94.18648,3.68821335,42,92.1347656
83.984375,55,94.55412,3.70261,42,92.1347656
81.25,53,94.16816,3.68749619,42,92.13475
17.1875,54,94.3359146,3.694065,42,92.13475
78.90625,55,94.57214,3.70331573,42,92.13475
37.890625,55,94.35247,3.69471359,42,92.13475
76.953125,54,94.404686,3.69675827,42,92.13475
30.859375,55,94.2886658,3.692215,42,92.13475
84.375,56,94.22291,3.68964,42,92.13475
69.921875,55,94.6657639,3.70698166,42,92.13475
64.35185,56,93.72287,3.6700592,42,92.13475
93.359375,56,94.23586,3.6901474,42,92.13475
73.828125,56,94.42476,3.697544,42,92.13475
72.65625,56,94.31243,3.69314575,42,92.13475
79.296875,56,94.08838,3.684372,42,92.13475
41.40625,55,93.08723,3.6451683,42,92.13475
70.703125,56,93.2870255,3.65299225,42,92.13475
75.390625,55,93.312355,3.653984,42,92.13475
64.453125,54,93.45448,3.65954971,42,92.13475
29.296875,55,93.57168,3.66413879,42,92.13475
90.625,57,93.46277,3.659874,42,92.13475
55.46875,55,93.5361252,3.66274643,42,92.13475
64.453125,56,93.63588,3.66665268,42,92.13475
81.25,56,93.565155,3.66388321,42,92.13475
68.359375,56,93.64718,3.66709518,42,92.13475
69.140625,56,94.06675,3.683525,42,92.13475
83.203125,55,93.7024155,3.669258,42,92.13475
42.578125,57,93.79944,3.67305756,42,92.13475
98.046875,56,93.8114243,3.67352676,42,92.13475
55.859375,56,93.81074,3.6735,42,92.13475
91.796875,56,93.9741058,3.67989731,42,92.13475
57.8125,57,93.89218,3.67668915,43,92.1347656
88.671875,56,94.07727,3.683937,43,92.1347656
29.296875,55,93.94771,3.67886353,43,92.1347656
60.546875,55,94.09179,3.68450546,43,92.1347656
69.53125,56,94.03402,3.68224335,43,92.1347656
70.703125,53,93.97274,3.679844,43,92.1347656
29.296875,55,94.0308,3.68211746,43,92.1347656
79.6875,56,93.78765,3.672596,43,92.1347656
80.02232,53,93.93212,3.67825317,43,92.1347656
45.8894272,56,93.84542,3.674858,43,92.1347656
58.59375,55,93.9488754,3.6789093,43,92.1347656
52.34375,55,93.9892044,3.68048859,43,92.1347656
73.046875,55,94.15745,3.68707657,43,92.1347656
68.75,56,94.2168655,3.68940353,43,92.1347656
48.4375,55,93.9595947,3.679329,43,92.1347656
61.71875,56,93.92101,3.6778183,43,92.1347656
72.265625,56,93.95833,3.67927933,43,92.1347656
68.359375,56,93.9164352,3.677639,43,92.1347656
89.0625,57,94.027,3.68196869,43,92.1347656
57.8125,56,94.18229,3.68804932,43,92.1347656
75.390625,56,94.075325,3.68386078,43,92.1347656
34.765625,55,94.02613,3.68193436,43,92.1347656
58.59375,56,94.24054,3.69033051,43,92.1347656
64.453125,55,93.85643,3.67528915,43,92.1347656
60.15625,56,93.5823,3.6645546,43,92.1347656
72.265625,56,93.4276,3.65849686,43,92.1347656
28.125,54,93.28908,3.65307236,43,92.1347656
54.296875,55,92.4689255,3.62095642,43,92.1347656
57.421875,56,91.44011,3.5806694,43,92.1347656
80.078125,55,91.25969,3.57360458,43,92.1347656
19.53125,54,91.14601,3.56915283,43,92.13484
51.171875,55,91.248,3.57314682,43,92.13484
43.55159,55,91.32379,3.57611465,43,92.13484
64.21875,56,91.29145,3.57484818,43,92.13484
63.671875,55,91.4600754,3.58145142,43,92.13484
79.296875,56,91.56451,3.58554077,43,92.13484
53.90625,56,91.7425842,3.592514,43,92.13484
79.6875,56,91.7889557,3.59432983,43,92.13484
53.125,55,91.4816055,3.58229446,43,92.13484
76.171875,56,91.4708939,3.58187485,43,92.13484
69.53125,56,91.51395,3.583561,43,92.13484
67.578125,56,91.7604141,3.59321213,43,92.13484
54.296875,56,91.79607,3.59460831,43,92.13484
75.390625,56,91.9663544,3.6012764,43,92.13484
68.75,55,92.07799,3.605648,43,92.13484
68.359375,55,92.0927048,3.606224,43,92.13484
58.203125,56,92.30244,3.614437,43,92.13484
86.328125,57,92.62284,3.62698364,43,92.13484
47.265625,55,91.97843,3.60174942,43,92.13484
72.265625,56,91.93498,3.600048,43,92.13484
83.59375,57,91.97103,3.6014595,43,92.13484
62.5,57,92.1974258,3.61032486,43,92.13484
87.890625,56,92.6169,3.626751,43,92.13484
58.59375,57,93.06755,3.64439774,43,92.13484
69.140625,56,92.47584,3.62122726,43,92.13484
89.0625,57,92.4774,3.6212883,43,92.13484
98.046875,58,92.64174,3.62772369,43,92.13484
85.546875,57,93.04008,3.643322,43,92.13484
100,57,92.69415,3.629776,43,92.13484
100,57,92.74345,3.63170624,43,92.13484
100,57,92.8202057,3.63471222,43,92.13485
82.66741,57,92.96945,3.64055634,43,92.13485
97.86275,57,92.8055954,3.63414,43,92.13485
82.49715,54,93.0340347,3.64308548,43,92.13485
57.421875,57,93.14811,3.64755249,43,92.13485
95.703125,57,93.13194,3.64691925,43,92.13485
68.359375,56,93.0480652,3.6436348,43,92.13485
89.0625,57,93.23764,3.6510582,43,92.13485
46.875,56,92.59683,3.625965,43,92.13485
59.765625,56,92.70564,3.63022614,43,92.13485
63.28125,56,92.97403,3.64073563,43,92.13485
78.515625,57,93.67923,3.66835022,43,92.13485
56.640625,57,92.7258148,3.63101578,43,92.13485
80.078125,57,92.7116852,3.63046265,43,92.13485
53.90625,56,93.24436,3.65132141,43,92.13485
98.828125,57,93.19731,3.649479,43,92.13485
97.65625,58,93.2011,3.64962769,43,92.13485
100,57,93.1676941,3.64831924,43,92.13485
92.578125,57,93.45556,3.65959167,43,92.13485
98.4375,57,92.83979,3.635479,43,92.13485
100,57,92.41408,3.61880875,43,92.13485
100,58,92.43755,3.619728,43,92.13485
100,57,93.015625,3.6423645,43,92.13485
100,58,92.96204,3.64026642,43,92.13485
79.6875,57,93.47826,3.6604805,43,92.13485
99.609375,58,92.66911,3.62879562,43,92.13485
100,58,92.22607,3.61144638,43,92.13485
98.046875,58,92.6507,3.62807465,43,92.13485
90.625,58,92.48607,3.62162781,43,92.13485
100,58,92.56556,3.6247406,43,92.13485
99.609375,58,93.02439,3.64270782,43,92.13496
94.140625,58,92.92308,3.63874054,43,92.13496
95.3125,58,92.90223,3.63792419,43,92.13496
63.28125,57,92.63814,3.62758255,43,92.13496
91.015625,58,92.60161,3.626152,43,92.13496
82.421875,58,92.65996,3.628437,43,92.13496
91.015625,58,89.88037,3.51959229,43,92.13496
63.3333321,57,87.63843,3.43180084,43,92.13496
63.0952377,58,86.96391,3.40538788,43,92.13496
77.34375,58,85.54514,3.34983063,43,92.13496
96.09375,58,85.38713,3.34364319,43,92.13496
93.75,59,85.1246948,3.33336639,43,92.13496
86.71875,59,84.20333,3.297287,43,92.13496
97.265625,58,83.95404,3.28752518,43,92.13496
81.25,58,82.81875,3.2430687,43,92.13496
92.1875,59,81.45472,3.1896553,43,92.13496
99.609375,59,81.28015,3.18281937,43,92.13496
100,59,81.1265259,3.17680359,43,92.13496
100,59,80.78693,3.16350555,43,92.13496
100,59,80.66925,3.1588974,43,92.13496
100,59,80.5153351,3.15287018,43,92.13496
100,59,80.55342,3.15436172,43,92.13496
100,59,80.03945,3.13423538,43,92.13496
100,59,80.6960449,3.15994644,43,92.13496
100,59,81.1094742,3.176136,43,92.13496
100,59,81.0471344,3.17369461,43,92.13496
100,59,81.03105,3.17306519,43,92.13496
100,59,79.8350754,3.12623215,43,92.13496
87.109375,58,74.7376556,2.9266243,43,92.13496
63.28125,58,69.83118,2.73449326,43,92.13496
80.859375,58,61.5337257,2.40957642,43,92.13501
53.125,57,61.8142853,2.42056274,43,92.13501
55.859375,57,61.9131622,2.42443466,43,92.13501
66.015625,57,61.6264648,2.413208,43,92.13501
67.578125,55,61.4081573,2.40465927,43,92.13501
27.34375,57,61.8147736,2.42058182,43,92.13501
53.515625,57,61.9715157,2.42671967,43,92.13501
50,57,62.0277252,2.42892075,43,92.13501
68.359375,57,61.9796028,2.42703629,43,92.13501
76.171875,58,61.166172,2.39518356,43,92.13501
85.546875,57,59.6193924,2.3346138,43,92.13501
55.46875,56,57.37813,2.246849,43,92.13501
58.984375,57,56.44858,2.21044922,43,92.13501
57.421875,57,56.59695,2.216259,43,92.13501
55.46875,56,56.6845245,2.21968842,43,92.13501
69.140625,56,56.9493027,2.23005676,43,92.13501
55.46875,57,56.9324532,2.22939682,43,92.13501
54.1604652,54,55.34651,2.16729355,43,92.13501
28.0048065,55,55.42162,2.17023468,43,92.13501
58.984375,55,55.4462662,2.1711998,43,92.13501
61.71875,56,55.38733,2.168892,43,92.13501
50.78125,55,53.59243,2.098606,43,92.13501
43.75,55,53.6307144,2.10010529,43,92.13501
52.734375,56,53.830513,2.10792923,43,92.13501
54.296875,56,53.6102562,2.0993042,43,92.13501
50.390625,55,53.8122,2.107212,43,92.13501
51.953125,55,53.87679,2.10974121,43,92.13501
50.78125,54,54.03402,2.11589813,43,92.13501
53.90625,55,54.0837975,2.11784744,43,92.13501
62.5,55,53.524334,2.09593964,43,92.13501
55.46875,55,53.71722,2.10349274,43,92.13506
58.59375,55,53.9021149,2.110733,43,92.13506
62.5,55,54.4092674,2.13059235,43,92.13506
57.421875,55,54.4399529,2.131794,43,92.13506
20.0024776,53,54.782177,2.145195,43,92.13506
27.75622,55,55.04296,2.155407,43,92.13506
26.08173,53,55.3414459,2.16709518,43,92.13506
18.359375,53,55.23351,2.1628685,43,92.13506
17.1875,53,55.1734,2.16051483,43,92.13506
16.015625,52,55.3425179,2.16713715,43,92.13506
13.28125,52,55.4227867,2.17028046,43,92.13506
25,53,55.4999428,2.1733017,43,92.13506
30.46875,52,55.4766579,2.17239,43,92.13506
18.359375,52,55.0423775,2.155384,43,92.13506
21.09375,52,54.94457,2.151554,43,92.13506
19.921875,53,55.0733528,2.15659714,43,92.13506
16.015625,52,55.36765,2.16812134,43,92.13506
35.546875,52,55.2742271,2.164463,43,92.13506
34.375,53,54.3243179,2.127266,43,92.13506
21.09375,51,54.0800972,2.11770248,43,92.13506
21.09375,52,53.97664,2.11365128,43,92.13506
11.328125,51,53.8613968,2.10913849,43,92.13506
12.890625,52,53.78424,2.10611725,43,92.13506
12.3858156,51,53.78288,2.10606384,43,92.13506
11.8055525,52,53.7086449,2.103157,43,92.13506
12.9402275,50,53.6586723,2.1012,43,92.13506
11.328125,50,53.4361725,2.09248734,43,92.13506
12.4896946,49,53.36116,2.08955,43,92.13506
13.2271652,50,53.2996941,2.087143,43,92.13506
12.9588308,49,53.2486458,2.085144,43,92.13506
12.5,50,53.2226372,2.08412552,43,92.14298
12.4759617,49,53.1871758,2.082737,43,92.14298
10.8112993,50,53.16019,2.0816803,43,92.14298
14.453125,50,52.89863,2.07143784,43,92.14298
13.2391815,50,52.9252243,2.07247925,43,92.14298
13.671875,50,52.97598,2.07446671,43,92.14298
11.71875,49,52.9591255,2.07380676,43,92.14298
11.328125,50,52.93263,2.07276917,43,92.14298
13.28125,50,52.93107,2.07270813,43,92.14298
16.5805283,50,53.06375,2.07790375,43,92.14298
17.032486,50,53.31976,2.08792877,43,92.14298
16.40625,50,53.5158577,2.09560776,43,92.14298
13.7400808,50,53.546936,2.09682465,43,92.14298
14.7896652,49,53.5393372,2.096527,43,92.14298
13.671875,49,53.53437,2.09633255,43,92.14298
14.453125,49,53.51985,2.09576416,43,92.14298
19.4891815,49,53.51615,2.0956192,43,92.14298
17.578125,50,53.5143967,2.09555054,43,92.14298
16.53846,50,53.49024,2.09460449,43,92.14298
13.8888836,50,53.4903374,2.09460831,43,92.14298
15.27158,52,53.4925766,2.094696,43,92.14298
13.6237984,51,53.4917,2.09466171,43,92.14298
16.015625,51,53.497448,2.09488678,43,92.14298
12.5,49,53.50261,2.095089,43,92.14298
14.84375,49,53.5091362,2.09534454,43,92.14298
16.505455,49,53.5133247,2.09550858,43,92.14298
13.6478367,49,53.51323,2.09550476,43,92.14298
13.24519,49,53.51839,2.095707,43,92.14298
14.4965286,49,53.52112,2.09581375,43,92.14298
12.4519234,49,53.4955978,2.0948143,43,92.14298
17.96875,51,53.481472,2.09426117,43,92.14213
13.671875,49,53.50222,2.0950737,43,92.14213
11.7683525,49,53.4994926,2.094967,43,92.14213
13.6298065,51,53.524334,2.09593964,43,92.14213
14.453125,49,53.5321274,2.09624481,43,92.14213
14.84375,49,53.5356331,2.09638214,43,92.14213
13.6966763,49,53.54606,2.09679031,43,92.14213
12.8605785,49,53.5435257,2.09669113,43,92.14213
14.0625,49,53.55648,2.09719849,43,92.14213
14.0625,49,53.5616455,2.09740067,43,92.14213
17.96875,50,53.60519,2.09910583,43,92.14213
16.40625,49,53.62711,2.09996414,43,92.14213
11.71875,49,53.6044121,2.09907532,43,92.14213
11.328125,49,53.61035,2.099308,43,92.14213
12.5,49,53.6043129,2.0990715,43,92.14213
19.53125,48,53.6125946,2.09939575,43,92.14213
14.0625,49,53.61951,2.0996666,43,92.14213
13.3184547,48,53.6483459,2.10079575,43,92.14213
12.5011444,48,53.63646,2.10033035,43,92.14213
13.6057673,48,53.6461067,2.100708,43,92.14213
12.890625,48,53.6494179,2.10083771,43,92.14213
14.453125,49,53.6192169,2.09965515,43,92.14213
12.5,49,53.6312,2.10012436,43,92.14213
11.71875,48,53.6509743,2.10089874,43,92.14213
12.109375,48,53.63617,2.100319,43,92.14213
12.5,48,53.6212654,2.09973526,43,92.14213
13.3308525,48,53.63042,2.10009384,43,92.14213
14.4230785,49,53.61727,2.09957886,43,92.14213
17.1875,49,53.64172,2.10053635,43,92.14213
13.0769253,48,53.63656,2.10033417,43,92.14213
16.7242641,48,53.670166,2.10165024,43,92.14214
12.5011444,48,53.6690941,2.10160828,43,92.14214
13.671875,48,53.64815,2.100788,43,92.14214
14.4965286,48,53.64698,2.10074234,43,92.14214
13.2391815,48,53.6529236,2.100975,43,92.14214
12.4338923,48,53.6529236,2.100975,43,92.14214
19.921875,48,53.6329536,2.100193,43,92.14214
13.2998524,48,53.6076241,2.0992012,43,92.14214
16.04777,48,53.62214,2.09976959,43,92.14214
14.80769,49,53.57801,2.09804153,43,92.14214
14.1245,49,53.55229,2.09703445,43,92.14214
18.7079315,49,53.454,2.09318542,43,92.14214
13.671875,48,53.4425049,2.09273529,43,92.14214
13.671875,48,53.43169,2.09231186,43,92.14214
13.28125,48,53.42604,2.09209061,43,92.14214
12.92783,48,53.2843,2.08654022,43,92.14214
8.984375,47,53.2694931,2.08596039,43,92.14214
12.8665867,47,53.2519569,2.08527374,43,92.14214
7.03125,47,53.25751,2.08549118,43,92.14214
11.328125,48,53.27787,2.08628845,43,92.14214
26.171875,48,53.2916069,2.08682632,43,92.14214
8.984375,48,53.2805023,2.08639145,43,92.14214
11.3591251,48,53.28703,2.086647,43,92.14214
8.185095,48,53.29716,2.08704376,43,92.14214
10.546875,49,53.26881,2.08593369,43,92.14214
29.4394855,48,53.2843971,2.086544,43,92.14214
6.61658669,48,53.2947235,2.08694839,43,92.14214
14.84375,49,53.3184929,2.08787918,43,92.14214
20.3869038,48,53.26686,2.08585739,43,92.14214
14.1196365,48,53.2799149,2.08636856,43,92.14214
19.4187813,48,53.33642,2.088581,43,92.14228
8.991533,47,53.36311,2.08962631,43,92.14228
16.015625,48,53.36662,2.08976364,43,92.14228
15.1442289,48,53.38318,2.09041214,43,92.14228
15.234375,48,53.43023,2.09225464,43,92.14228
14.84375,50,53.454,2.09318542,43,92.14228
19.140625,50,53.52599,2.09600449,43,92.14228
18.359375,51,53.5326157,2.096264,43,92.14228
13.28125,50,53.5500526,2.09694672,43,92.14228
14.453125,50,53.5487862,2.09689713,43,92.14228
11.328125,50,53.55512,2.097145,43,92.14228
8.59375,50,53.55434,2.09711456,43,92.14228
11.71875,50,53.5801544,2.09812546,43,92.14228
18.4615364,48,53.3562927,2.08935928,43,92.14228
16.40625,49,53.46082,2.09345245,43,92.14228
14.0625,49,53.4848824,2.09439468,43,92.14228
12.109375,48,53.50563,2.09520721,43,92.14228
7.421875,48,53.513813,2.09552765,43,92.14228
7.421875,48,53.506897,2.09525681,43,92.14228
12.890625,48,53.57655,2.09798431,43,92.14228
6.646824,48,53.58132,2.09817123,43,92.14228
11.2800484,48,53.564373,2.09750748,43,92.14228
11.328125,48,53.5544357,2.09711838,43,92.14228
9.765625,48,53.5671,2.09761429,43,92.14228
14.453125,48,53.5633,2.09746552,43,92.14228
7.69831562,48,53.56905,2.09769058,43,92.14228
10.1810513,48,53.5730438,2.097847,43,92.14228
7.118058,48,53.57324,2.09785461,43,92.14228
7.00721169,48,53.57226,2.09781647,43,92.14228
12.4519234,47,53.6004181,2.098919,43,92.14228
9.393602,48,53.61688,2.0995636,43,92.13483
17.15144,48,53.53992,2.09655,43,92.13483
8.984375,48,53.54528,2.0967598,43,92.13483
23.4375,48,53.47212,2.093895,43,92.13483
18.2356529,47,53.5390434,2.09651566,43,92.13483
19.0625019,47,53.536026,2.0963974,43,92.13483
11.71875,48,53.5430374,2.096672,43,92.13483
10.8894234,47,53.58337,2.09825134,43,92.13483
10.546875,48,53.6098671,2.099289,43,92.13483
10.546875,48,53.6525345,2.10095978,43,92.13483
8.59375,48,53.64562,2.100689,43,92.13483
11.71875,48,53.65185,2.100933,43,92.13483
10.9375,48,53.6539955,2.101017,43,92.13483
7.03125,48,53.6566277,2.10112,43,92.13483
9.406,48,53.6464958,2.10072327,43,92.13483
7.4098587,48,53.6540947,2.10102081,43,92.13483
12.5,48,53.67806,2.10195923,43,92.13483
9.375,48,53.65809,2.10117722,43,92.13483
7.8125,48,53.66364,2.10139465,43,92.13483
9.663463,48,53.681076,2.10207748,43,92.13483
6.622595,47,53.680397,2.10205078,43,92.13483
15.234375,48,53.6280823,2.10000229,43,92.13483
15.625,47,53.56603,2.09757233,43,92.13483
18.75,48,53.58103,2.09815979,43,92.13483
10.15625,48,53.6124954,2.099392,43,92.13483
10.546875,48,53.5907745,2.09854126,43,92.13483
9.765625,48,53.5963249,2.0987587,43,92.13483
12.2271833,47,53.6045074,2.09907913,43,92.13483
10.15625,48,53.593502,2.098648,43,92.13483
6.97716475,48,53.59428,2.09867859,43,92.13483
12.890625,47,53.6024628,2.098999,43,92.13483
11.328125,47,53.61084,2.099327,43,92.13483
8.59375,48,53.6186333,2.09963226,43,92.13483
10.9375,48,53.6177559,2.099598,43,92.13483
5.078125,47,53.6045074,2.09907913,43,92.13483
19.6242561,47,53.61795,2.09960556,43,92.13483
14.0324535,47,53.54382,2.09670258,43,92.13483
14.84375,47,53.5201454,2.0957756,43,92.13483
14.1679049,48,53.58756,2.09841537,43,92.13483
11.2680321,47,53.6002235,2.09891129,43,92.13483
12.109375,47,53.6043129,2.0990715,43,92.13483
9.375,47,53.63432,2.10024643,43,92.13483
7.8125,47,53.678936,2.10199356,43,92.13483
12.109375,48,53.6868248,2.10230255,43,92.13483
12.109375,47,53.68809,2.10235214,43,92.13483
14.453125,49,53.5665169,2.0975914,43,92.13483
12.5,48,53.57041,2.097744,43,92.13483
10.9375,47,53.57947,2.09809875,43,92.13483
9.765625,48,53.58522,2.09832382,43,92.13483
10.546875,48,53.6006126,2.09892654,43,92.13483
14.453125,47,53.5914536,2.098568,43,92.13483
12.890625,47,53.5934029,2.09864426,43,92.13483
10.9375,48,53.6005135,2.09892273,43,92.13483
8.59375,48,53.6404533,2.10048676,43,92.13483
6.640625,47,53.6287651,2.100029,43,92.13483
12.6923084,48,53.6312981,2.10012817,43,92.13483
8.333331,47,53.6379242,2.10038757,43,92.13483
12.5,46,53.6095734,2.0992775,43,92.13483
17.96875,47,53.6602325,2.10126114,43,92.13483
16.015625,48,53.62224,2.09977341,43,92.13483
5.859375,48,53.6352921,2.10028458,43,92.1348343
18.75,48,53.6078224,2.09920883,43,92.1348343
22.65625,49,53.72102,2.10364151,43,92.1348343
24.21875,49,53.7717743,2.105629,43,92.1348343
20.3125,50,53.6802025,2.10204315,43,92.1348343
14.0625,48,53.6573067,2.1011467,43,92.1348343
10.15625,48,53.66656,2.101509,43,92.1348343
8.203125,49,53.72336,2.103733,43,92.1348343
13.671875,49,53.7283249,2.10392761,43,92.1348343
8.59375,47,53.8391838,2.10826874,43,92.1348343
10.15625,47,53.8459053,2.108532,43,92.1348343
10.15625,47,53.8348,2.108097,43,92.1348343
10.5654774,47,53.8490257,2.108654,43,92.1348343
14.0144234,48,53.851265,2.10874176,43,92.1348343
13.671875,47,53.8625641,2.10918427,43,92.1348343
14.84375,47,53.82584,2.10774612,43,92.1348343
17.578125,47,53.8206749,2.107544,43,92.1348343
23.828125,47,53.6207771,2.09971619,43,92.1348343
17.99975,48,53.5940857,2.098671,43,92.1348343
11.3412857,48,53.6039238,2.09905624,43,92.1348343
18.6718769,48,53.6273041,2.09997177,43,92.1348343
24.6589775,47,53.618927,2.09964371,43,92.1348343
22.2055321,48,53.5540466,2.097103,43,92.1348343
22.3152275,48,53.68429,2.10220337,43,92.1348343
11.3100948,48,53.69335,2.10255814,43,92.1348343
14.453125,48,53.62097,2.09972382,43,92.1348343
17.578125,48,53.7298851,2.10398865,43,92.1348343
16.40625,48,53.7923279,2.10643387,43,92.1348343
10.9375,47,53.78093,2.10598755,43,92.1348343
14.84375,47,53.7907677,2.10637283,43,92.1348343
14.453125,47,53.78989,2.1063385,42,92.13542
9.765625,47,53.79038,2.10635757,42,92.13542
12.109375,47,53.7920341,2.10642242,42,92.13542
9.375,47,53.83597,2.10814285,42,92.13542
8.203125,47,53.8515549,2.1087532,42,92.13542
9.765625,47,53.85,2.10869217,42,92.13542
10.546875,47,53.84396,2.10845566,42,92.13542
13.671875,47,53.8245735,2.10769653,42,92.13542
8.59375,48,53.8340225,2.10806656,42,92.13542
7.8125,47,53.83519,2.10811234,42,92.13542
9.765625,48,53.84532,2.108509,42,92.13542
7.421875,47,53.8700676,2.109478,42,92.13542
10.546875,47,53.84532,2.108509,42,92.13542
16.796875,47,53.83675,2.10817337,42,92.13542
10.546875,47,53.7916451,2.10640717,42,92.13542
10.15625,47,53.80285,2.10684586,42,92.13542
20.3125,47,53.8521423,2.108776,42,92.13542
16.40625,48,54.0322647,2.11582947,42,92.13542
16.40625,48,54.0593452,2.11689,42,92.13542
13.28125,47,54.04376,2.1162796,42,92.13542
13.28125,48,54.0016747,2.11463165,42,92.13542
16.015625,47,54.0115128,2.115017,42,92.13542
15.234375,48,54.0043068,2.11473465,42,92.13542
12.109375,47,54.00859,2.1149025,42,92.13542
11.71875,47,53.9698219,2.11338425,42,92.13542
15.234375,47,53.9862823,2.114029,42,92.13542
20.703125,48,54.0156059,2.11517715,42,92.13542
14.0625,48,53.9771271,2.11367035,42,92.13542
12.5,47,53.9635849,2.11314,42,92.13542
10.9375,48,53.98044,2.1138,42,92.13542
10.9375,48,53.9706955,2.11341858,42,92.135
10.9375,48,53.9684563,2.11333084,42,92.135
17.96875,49,53.9698219,2.11338425,42,92.135
13.671875,48,53.947998,2.11252975,42,92.135
19.140625,49,53.95784,2.112915,42,92.135
18.359375,49,53.965435,2.11321259,42,92.135
14.453125,49,53.96417,2.113163,42,92.135
15.234375,49,53.93894,2.112175,42,92.135
17.7704334,48,53.9383545,2.112152,42,92.135
12.46394,48,53.93582,2.112053,42,92.135
12.6674118,49,53.943615,2.112358,42,92.135
14.84375,47,53.9279327,2.111744,42,92.135
14.4965286,47,53.9366,2.11208344,42,92.135
16.3401432,47,53.9402046,2.11222458,42,92.135
12.5,47,53.9398155,2.11220932,42,92.135
14.6153812,48,53.65468,2.1010437,42,92.135
15.7692318,48,53.4300346,2.092247,42,92.135
14.453125,47,53.4464,2.09288788,42,92.135
16.40625,47,53.4757233,2.094036,42,92.135
10.9375,47,53.51177,2.09544754,42,92.135
19.9999924,47,53.56895,2.09768677,42,92.135
17.96875,47,53.53953,2.09653473,42,92.135
18.75,47,53.5845375,2.098297,42,92.135
21.3040829,47,53.5859032,2.09835052,42,92.135
21.72476,48,53.5148849,2.09556961,42,92.135
17.1875,48,53.53885,2.096508,42,92.135
25.85336,47,53.7126427,2.10331345,42,92.135
15.6934738,49,53.74138,2.10443878,42,92.135
21.53846,49,53.7183876,2.10353851,42,92.135
15.234375,47,53.6597443,2.101242,42,92.135
13.671875,48,53.7105,2.10322952,42,92.135
17.1875,47,53.9093246,2.11101532,42,92.135
16.796875,47,53.6865349,2.102291,42,92.135
10.9375,47,53.6893578,2.10240173,42,92.135
16.40625,47,53.8569145,2.108963,42,92.135
13.28125,48,53.91254,2.1111412,42,92.135
17.1875,47,53.85253,2.10879135,42,92.135
22.265625,48,53.7660255,2.105404,42,92.135
11.71875,47,53.809082,2.10709,42,92.135
39.453125,48,54.2252464,2.12338638,42,92.135
28.515625,47,54.25496,2.12454987,42,92.135
20.3125,48,54.3267555,2.1273613,42,92.135
13.671875,48,54.5925064,2.13776779,42,92.135
17.96875,48,54.5446739,2.13589478,42,92.135
12.890625,48,54.5830574,2.13739777,42,92.135
21.875,48,54.8077965,2.14619827,42,92.135
19.2150288,48,54.8253326,2.146885,42,92.135
12.0612984,48,54.81705,2.14656067,42,92.135
13.4615364,48,54.8372154,2.14735031,42,92.135
15.7692318,48,55.0412064,2.15533829,42,92.135
16.015625,48,55.212368,2.16204071,42,92.135
13.28125,48,55.268383,2.16423416,42,92.135
18.75,48,55.1226463,2.15852737,42,92.135
14.84375,49,55.1022873,2.15773,42,92.135
8.984375,49,55.1121254,2.15811539,42,92.135
14.84375,50,54.96561,2.152378,42,92.135
9.765625,48,54.9664879,2.15241241,42,92.135
28.5576935,48,53.9372826,2.11211014,42,92.135
12.0432673,48,53.97859,2.11372757,42,92.135
10.546875,48,54.01551,2.11517334,42,92.135
7.421875,47,54.00528,2.1147728,42,92.1337
12.5,48,54.01629,2.11520386,42,92.1337
10.9561024,48,54.0220375,2.115429,42,92.1337
9.350962,47,54.03012,2.11574554,42,92.1337
8.203125,48,54.0534019,2.11665726,42,92.1337
23.4375,48,54.21726,2.12307358,42,92.1337
17.96875,48,54.2728844,2.12525177,42,92.1337
11.742425,48,54.24736,2.12425232,42,92.1337
13.7096767,48,54.24132,2.12401581,42,92.1337
